team_id_master,team_name,club_name,age_group,gender,state_code,state,birth_year,is_deprecated,division,alias,modular11_alias
24e19975-1bdb-4b75-806a-f6c5c882ed0c,ALBION SC Las Vegas B12 EA,ALBION SC Las Vegas,u14,Male,NV,Nevada,2012,FALSE,,258007,
4ead7d0f-2927-4a75-b5b9-9b8ba5fd26c3,ALBION SC Las Vegas B12 Academy I,ALBION SC Las Vegas,u14,Male,NV,Nevada,2012,FALSE,,430551,
91470449-8e13-45a0-b6e7-9041b387e759,B12 Academy II,ALBION SC Las Vegas,u14,Male,NV,Nevada,2012,FALSE,,400717,
913532b7-20e1-411c-9806-21e72a9f6faf,ALBION SC Las Vegas U14 AD,ALBION SC Las Vegas,u14,Male,NV,Nevada,2012,FALSE,AD,"456_U14_AD, 137935",456_U14_AD
5475f4cf-99a8-42dd-add9-f94fb7d79aed,ALBION SC Las Vegas U14 HD,ALBION SC Las Vegas,u14,Male,NV,Nevada,2012,FALSE,HD,"456_U14_HD, 280675",456_U14_HD
2c278824-6552-4c1d-8389-c687692f878b,Beatrice Nighthawks - 2012B,Beatrice Nighthawks SC,u14,Male,NV,Nevada,2012,FALSE,,569581,
ecaf126d-370a-445a-a06e-b3f4b0bcfe8b,BVB IA LV 2012 Black,BVB IA Las Vegas,u14,Male,NV,Nevada,2012,FALSE,,315071,
7f2ed702-e8d5-4c45-91e2-3613aa1d95b1,CFC Dragons 12B,Carson FC,u14,Male,NV,Nevada,2012,FALSE,,450710,
e9b1b1b0-d430-4b00-b8c9-bcd5ac4f209e,Downtown Las Vegas U14 AD,Downtown Las Vegas SC,u14,Male,NV,Nevada,2012,FALSE,,11759;882_U14_AD,882_U14_AD
d8ad27be-f577-4e73-bb0c-80133ae4760d,Elko Elite FC 13/12s,Elite FC (NV),u14,Male,NV,Nevada,2012,FALSE,,277077,
ffc0ff22-9f85-45f9-95d8-0ea88ce18ce8,Hot Shots,Fiera Futbol Club,u14,Male,NV,Nevada,2012,FALSE,,513492,
2c4c9ee8-3b1c-4a12-8e41-3bf1539e15be,1302B MUNGER,Great Basin Youth Soccer League,u14,Male,NV,Nevada,2012,FALSE,,594295,
96406cbe-1b69-46f4-b5ee-d4b7d44e6757,1303B K SMITH,Great Basin Youth Soccer League,u14,Male,NV,Nevada,2012,FALSE,,594296,
800a2585-09ed-4445-b9f1-2b1c1b944716,1306B NICOLOSI,Great Basin Youth Soccer League,u14,Male,NV,Nevada,2012,FALSE,,594297,
ec77b6fc-20fd-4bf4-8521-327604ebefea,Douglas Diablos,Great Basin Youth Soccer League,u14,Male,NV,Nevada,2012,FALSE,,525617,
b7bedef5-ccef-4588-8ff9-e3620936874b,Mammoth Lakes FC,Great Basin Youth Soccer League,u14,Male,NV,Nevada,2012,FALSE,,464505,
92afc2df-0fd9-4a4f-af49-27aef99b5abd,Minty Fresh U14 Fall 2025,Great Basin Youth Soccer League,u14,Male,NV,Nevada,2012,FALSE,,530586,
da2b9473-48f2-4fe5-bc23-082e066b8a0b,1301B LINDSAY,Great Basin Youth Soccer League,u14,Male,NV,Nevada,2012,FALSE,,594293,
8b1cf57b-6bc9-42e3-8ebd-c8744e64a47d,Henderson LVSA '12/13B White,Henderson-LVSA,u14,Male,NV,Nevada,2012,FALSE,,523178,
139c25a7-bcf0-4f1a-9b1b-076844a0a587,LAS VEGAS DIVERSITY FC 2012,Las Vegas Diversity FC,u14,Male,NV,Nevada,2012,FALSE,,115036,
50de1b60-0abc-40fd-9efb-bebcdbc3550b,Las Vegas Elite FC B12 GOLD,Las Vegas Elite FC,u14,Male,NV,Nevada,2012,FALSE,,247673,
6cf652f0-7ab9-4fc2-af84-7635e8dbbff1,Las Vegas Elite FC B12 EA,Las Vegas Elite FC,u14,Male,NV,Nevada,2012,FALSE,,233795,
caf587af-6a97-40e6-9468-6d7ddc2f017b,LV Heat Surf ECNL B12,Las Vegas Heat Surf SC,u14,Male,NV,Nevada,2012,FALSE,,120341,
648077c0-2349-4538-98f6-67395a9946a6,LV Heat Surf ECNL RL B12,Las Vegas Heat Surf SC,u14,Male,NV,Nevada,2012,FALSE,,"63287, 94647",
40911e29-399a-4301-9442-8750879117fc,Las Vegas Sports Academy U14 Boys Red 2012,Las Vegas Sports Academy,u14,Male,NV,Nevada,2012,FALSE,,259983,
98b1f88f-4b44-4668-8b73-08a5d390a8dd,Las Vegas Sports Academy U14 Boys White 2012,Las Vegas Sports Academy,u14,Male,NV,Nevada,2012,FALSE,,505975,
b767b962-e0ca-4a4b-a177-39177f9d67cc,Las Vegas Sports Academy U14 AD,Las Vegas Sports Academy,u14,Male,NV,Nevada,2012,FALSE,AD,"467_U14_AD, 627831",467_U14_AD
7010b33d-9a72-4fc1-8574-1657b4393d1b,Las Vegas Sports Academy U14 HD,Las Vegas Sports Academy,u14,Male,NV,Nevada,2012,FALSE,HD,"260028, 467_U14_HD",467_U14_HD
dd32ba44-3bdf-4bd7-8508-91b7406891e4,Kazzanova FC 2012,Las Vegas Valley Soccer League,u14,Male,NV,Nevada,2012,FALSE,,653181,
117ba098-4449-4bd3-945a-4604565c365a,LV Heat Surf ECNL RL S.Cal B12,LV Heat Surf SC,u14,Male,NV,Nevada,2012,FALSE,,"372241, 113080",
c8149acb-bbc4-481e-a652-6977a4530514,MVLA-NV 2012B Manchester City Premier,MVLA Nevada Soccer Club,u14,Male,NV,Nevada,2012,FALSE,,478766,
a3a895bd-34bb-4afe-98f6-42b6e496028b,NNCS R. United 2012,MVLA Nevada Soccer Club,u14,Male,NV,Nevada,2012,FALSE,,520118,
524a711d-d27d-4065-8aee-a147601729a2,Nevada FC 12B EA,Nevada Futbol Club,u14,Male,NV,Nevada,2012,FALSE,,492455,
bd776113-7898-48d1-90a7-f6706221a469,Nevada FC 12/13B Select I,Nevada Futbol Club,u14,Male,NV,Nevada,2012,FALSE,,492464,
fd0f0e82-7b54-46df-8c62-04f83573e8e5,Golden Lights,Nevada South Youth Soccer League,u14,Male,NV,Nevada,2012,FALSE,,577534,
df53052e-21c8-4282-9855-902b1efa9937,Las Vegas Alliance FC '12 Boys,Nevada South Youth Soccer League,u14,Male,NV,Nevada,2012,FALSE,,235524,
8b4e32f2-3afe-4c84-8c4a-f9eeda1f5c15,Las Vegas Red Stars 2012,Nevada South Youth Soccer League,u14,Male,NV,Nevada,2012,FALSE,,295437,
a4f50c48-d2bb-4f38-be79-e147fd8a5b2e,LV Panthers FC 2012,Nevada South Youth Soccer League,u14,Male,NV,Nevada,2012,FALSE,,398959,
83f1a08b-bbdc-49ee-a262-c47f40b85a11,Magnifico FC B12E,Nevada Youth Soccer,u14,Male,NV,Nevada,2012,FALSE,,454956,
d101008c-b738-4637-b5d2-ffe9d7b1bf07,NNSC Reno BattleBorn 2012B NPL,Northern Nevada Soccer Club,u14,Male,NV,Nevada,2012,FALSE,,150768,
483627b4-535e-4fef-8690-c7a6048b63ff,Players 12 Boys Academy,Players SC,u14,Male,NV,Nevada,2012,FALSE,,"164759, 380954",
ab83faef-d700-40e0-bea0-70f2bb454ebe,Players 12 Boys Elite,Players SC,u14,Male,NV,Nevada,2012,FALSE,,500693,
c58054de-f948-4fd4-bbe3-2efc801e783a,Players 2012 Boys Henderson,Players SC,u14,Male,NV,Nevada,2012,FALSE,,491971,
c9c10044-8422-40ba-b8f1-5354c9c29fb6,Players SC U14 AD,Players SC,u14,Male,NV,Nevada,2012,FALSE,AD,"1349_U14_AD, 12741, 12740",1349_U14_AD
c5c2b74c-d4d7-4d99-b72c-eace1d8bbfc2,PRIME SC 12 BOYS RED,PRIME Soccer Club,u14,Male,NV,Nevada,2012,FALSE,,511470,
daf006fc-e624-43d5-8106-d1cd396d1ea7,12B Premier,Reno APEX Soccer Club,u14,Male,NV,Nevada,2012,FALSE,,116740,
8b88188d-1418-4e09-afc5-af97c51cccd2,12B Gold,Reno APEX Soccer Club,u14,Male,NV,Nevada,2012,FALSE,,89225,
a6a30550-2e47-44bb-bd98-ae661c9da4f9,ROA Soccer Academy 2012 Blue,ROA Soccer Academy,u14,Male,NV,Nevada,2012,FALSE,,352822,
c7463edc-eadb-4e74-8b64-8ea6ce51dca7,Sierra Nevada FC Strikers,Sierra Nevada FC,u14,Male,NV,Nevada,2012,FALSE,,74166,
49f06e30-c7ed-43b1-afe6-c6dc11da4236,Sierra Surf 2012B Blue NPL,Sierra Surf SC,u14,Male,NV,Nevada,2012,FALSE,,372738,
64e42f58-15da-4ad1-a59d-3c5404060e15,Sierra Surf 2012B White,Sierra Surf SC,u14,Male,NV,Nevada,2012,FALSE,,460938,
a2f5147d-df93-484b-ab59-26c3bbbecbb7,Vegas strong 2012,Vegas Strong SC,u14,Male,NV,Nevada,2012,FALSE,,245338,
b463a76d-1477-41b3-9dde-f06b43792134,Vegas United 2012 Elite,Vegas United Soccer Club,u14,Male,NV,Nevada,2012,FALSE,,529693,
d7e79e2d-4308-40f9-be97-ffdd45cd1616,Villarreal LV 2012 Yellow,Villarreal Las Vegas Academy,u14,Male,NV,Nevada,2012,FALSE,,203156,
