modular11_club,modular11_club_normalized,modular11_team_id,modular11_ages,modular11_divisions,modular11_games,match_1_db_team_id,match_1_db_team_name,match_1_db_club,match_1_db_age,match_1_score,match_2_db_team_id,match_2_db_team_name,match_2_db_club,match_2_db_age,match_2_score,match_3_db_team_id,match_3_db_team_name,match_3_db_club,match_3_db_age,match_3_score,selected_db_team_id
Chula Vista FC,chula vista,393,"U13, U14, U15, U16, U17","AD, HD",215,023c79c5-a427-4886-bb9b-b57c3da9ec6b,Chula Vista FC 2013 MLS NEXT,Chula Vista FC,u13,100,12c0fb2a-4d51-4993-8eee-e7ca01fbd6ca,Chula Vista FC 2008 MLS NEXT,Chula Vista FC,u18,100,0fa27b25-4801-4c1a-acbb-309f5ddd4f0c,Chula Vista FC 2009 MLS NEXT,Chula Vista FC,u17,100,
West Florida Flames,west florida flames,399,"U13, U14, U15, U16, U17","AD, HD",213,90700ef2-a0a4-4d47-b7f4-d6b5abe21a05,2008 MLS Next,West Florida Flames,u18,100,128d93d6-e604-4f52-9230-e3dfcb09f417,2008B Premier Brandon,West Florida Flames,u18,100,9f42c3ef-4639-4a67-b6e4-10248420d7f8,2009 MLS Next,West Florida Flames,u17,100,
Phoenix Rising FC,phoenix rising,390,"U13, U14, U15, U16, U17","AD, HD",209,c3d28a71-65c9-4bd0-80c0-6ddd31dffae0,PRFC West Valley 15B Pre-Academy,Phoenix Rising FC,u11,100,2c41a855-9411-4b09-b80d-0a21841a95de,PRFC WV 13B NL Premier 2 AZ,Phoenix Rising FC,u13,100,9ac30336-9f21-4cb1-985b-cc169570a486,PRFC Scottsdale 16B Gazelle,Phoenix Rising FC,u10,100,
RSL Arizona,rsl arizona,391,"U13, U14, U15, U16, U17","AD, HD",207,94e67cbe-52c6-460c-9b65-e284a45fedde,RSL AZ 11B MLS Next AD,RSL Arizona,u15,100,c3ee4e29-50aa-45e8-b6ca-ab3a667fcd41,RSL Arizona MLS Next Mesa U14 (2011),RSL Arizona,u15,100,2838b90b-c82d-44ff-a6cc-c3d7b7a65101,RSL Arizona MLS Next U13 (2011),RSL Arizona,u14,100,
Strikers FC,strikers,474,"U13, U14, U15, U16, U17","AD, HD",205,add88f96-63d0-4fe6-8630-42f176de9c52,Irvine 2010 Luna*,Strikers FC,u16,100,9b4731ed-14a8-40d9-a8b6-07a88235b877,Irvine 2012 Hinojosa*,Strikers FC,u14,100,5015f598-6a63-4062-9d20-053f3496b12f,Irvine B2015 Anaya,Strikers FC,u11,100,
Orlando City Youth SC,orlando city youth,364,"U13, U14, U15, U16, U17","AD, HD",204,c30a4660-a39e-428d-88ee-32e3b9484206,OCSS-Seminole 12 MLS Next,Orlando City Youth Soccer,u14,100,6c56aaf9-cec9-4b36-b89d-c19f0bf72d0c,OCSS-Seminole 09 MLS Next,Orlando City Youth Soccer,u17,100,cd455b4c-4277-4745-861b-25fd466b37ba,OCSS-Seminole 10 MLS Next,Orlando City Youth Soccer,u16,100,
Weston FC,weston,11,"U13, U14, U15, U16, U17","AD, HD",203,7d84e078-d8ad-47b6-8740-b13beafc57d3,Weston FC 2008 MLS Next,Weston FC,u18,100,00e3c422-d205-485c-85da-cad3f3cb52fe,Weston FC 2009 MLS Next,Weston FC,u17,100,ca62744b-879c-4c42-8a31-7898f6d33a9b,Weston FC 2008 Boys Pool,Weston FC,u18,100,
Alexandria SA,alexandria,373,"U13, U14, U15, U16, U17","AD, HD",201,4d15fc38-3d10-472b-be7e-77a38b20fdfa,Alex 09 Boys White,Alexandria SA,u17,100,a851fb63-92c2-4dcd-8757-14fe726ff141,Alex 09 Boys Blue,Alexandria SA,u17,100,92a5f88c-42e1-4c3e-a776-ed0e103c0024,Alex 07-08 Boys MLS Next AD,Alexandria SA,u18,100,
SC Del Sol,sc del sol,389,"U13, U14, U15, U16, U17","AD, HD",199,c605002f-0bcf-449e-be04-b687c8c82695,U-10 (2016) Boys Pre Academy Blue,SC del Sol,u10,100,18a69a62-04bb-447a-a2b3-dba47e72fa2a,U-11 (2015) Boys Pre Academy Blue,SC del Sol,u11,100,2e3f46ad-a65a-447d-b997-1d468b0f1ad5,U-10 (2016) Boys Pre Academy Orange,SC del Sol,u10,100,
Sol SC Florida,sol sc florida,363,"U13, U14, U15, U16, U17","AD, HD",198,e733f4c2-39a3-46e7-ac54-d48faea56c16,Florida Rush 2012 Next,Sol SC Florida,u14,100,f865078d-063d-43ee-b59d-ff87db03988b,LC Rush 2011B Blue,Sol SC Florida,u15,100,3d610d39-47db-4c02-a410-f6c918df39f6,LC Rush 2013B Blue (NTC),Sol SC Florida,u13,100,
ALBION SC Los Angeles,albion sc los angeles,103,"U13, U14, U15, U16, U17","AD, HD",198,55f99751-e38b-4f10-9cd3-5e7ceae8d06a,ALBION SC Los Angeles B09 EA,ALBION SC Los Angeles,u17,100,883c87e4-a70b-4573-bf2e-cf2cae9aa53b,Albion SC Los Angeles,ALBION SC Los Angeles,u12,100,61735c41-a220-476c-a08f-4a328db38391,ALBION SC Los Angeles B10 EA,ALBION SC Los Angeles,u16,100,
Miami Futbol Academy Rush,miami futbol academy rush,35,"U13, U14, U15, U16, U17","AD, HD",197,5295f585-8340-4334-abfd-1a43b930a0e8,2008 (U17) Reserve Elite,Miami Futbol Academy Rush,u18,100,2d6d4bf1-a444-4944-ba50-a24d7baf9d6b,2007 (U18) Reserve NAL,Miami Futbol Academy Rush,u18,100,ff0bf65b-032f-4e5f-a9e3-02557aab3f96,2009 (U17) EDP,Miami Futbol Academy Rush,u17,100,
City SC Southwest,city sc southwest,1409,"U13, U14, U15, U16, U17","AD, HD",197,9b10fdae-df1e-484c-a799-08d0e277d022,Castaneda,City SC Southwest,u13,100,55946b25-9678-4ad2-a69c-3b9d5d773099,Castaneda,City SC Southwest,u16,100,bc65988d-82f2-417d-a208-323fb7a2200a,CITY SC MV B08 Premier,City SC Southwest,u18,100,
Hoover-Vestavia Soccer,hoover-vestavia,462,"U13, U14, U15, U16, U17","AD, HD",197,d19952d2-8b6c-4eb7-858a-19c88026caf4,11 N2 NAL,Hoover-Vestavia Soccer,u15,100,567d556e-e7d5-488c-81b7-3a6c21fff46f,08 N2 NAL,Hoover-Vestavia Soccer,u18,100,dd4100f0-29e3-4167-a5c4-01a976e9a134,12 N2 NAL,Hoover-Vestavia Soccer,u14,100,
Springfield SYC,springfield syc,372,"U13, U14, U15, U16, U17","AD, HD",197,dc7a2fad-348d-486d-baaf-b42c839c10d0,SYC 2009B Blue,Springfield SYC Soccer,u17,100,241e1b19-98bd-4199-8d68-4dc509eb6025,SYC 2015B Black,Springfield SYC Soccer,u11,100,45f0a1df-1ccb-4f4c-8e50-bd393506d713,SYC 2016B Orange,Springfield SYC Soccer,u10,100,
KSA,ksa,466,"U13, U14, U15, U16, U17","AD, HD",194,622596a0-eed1-4177-8334-da1605cd3c1a,KSA PREMIER U14,KSA,u15,100,a820bb5c-18a8-4156-af05-206c3131439e,KSA PREMIER U16,KSA,u17,100,1410fcbf-5d4d-4a5b-a938-9f0829061d3c,KSA PREMIER U13,KSA,u14,100,
Chargers Soccer Club,chargers,36,"U13, U14, U15, U16, U17","AD, HD",193,cf2c80af-0c95-44e9-a2c9-056f2f9dbe71,Chargers CLW PreMLS B2014 (U12),Chargers Soccer Club,u12,100,5568204c-5cf5-4386-956d-f5d8145b1ea2,Chargers CLW PreMLS B2015 (U11),Chargers Soccer Club,u11,100,ecb9aa2a-fbc5-480a-bba4-8856696e80a3,Chargers CLW PreMLS B2016 (U10),Chargers Soccer Club,u10,100,
Southern Soccer Academy,southern,name:southern-soccer-academy,"U13, U14, U15, U16, U17","AD, HD",192,28e7a694-7931-467c-93c5-d26b270e5176,SSA Swarm Coastal 15/16 B Silver,Southern Soccer Academy,u11,100,c49403e2-bc8f-4124-959d-39986bb498ed,SSA Swarm Marietta 14B Pre MLS-Next III,Southern Soccer Academy,u12,100,54f76976-3d7f-4815-8e50-261e6148c091,F25 SSA Cartersville U14B-Jr Wolverines,Southern Soccer Academy,u14,100,
Lanier Soccer Association,lanier soccer association,382,"U13, U14, U15, U16, U17","AD, HD",191,dd763011-dde5-4d51-a7c8-d80c0a838975,B2012/2013 White,Darien Soccer Association,u14,88.0,aae5b0f2-03f0-4bb0-9a72-be9ecc5bcf6b,B2011/2012 Blue,Darien Soccer Association,u15,88.0,210030c4-9e03-4dbc-bc3b-b03ad3bf7254,B2013 Blue,Darien Soccer Association,u13,88.0,
Atletico Santa Rosa,atletico santa rosa,457,"U13, U14, U15, U16, U17","AD, HD",191,eb5e483d-912a-45a0-a54f-cc841bb7af1e,13B MLS Next,Atletico Santa Rosa,u13,100,53f508d2-30b2-499e-9aee-dc7fdc5eeb58,ASR MLSNEXT 09B,Atletico Santa Rosa,u17,100,ac507892-a149-4541-9990-364d26513dac,ASR MLSNEXT 08B,Atletico Santa Rosa,u18,100,
Total Futbol Academy,total futbol,249,"U13, U14, U15, U16, U17","AD, HD",190,a7cf3987-93d3-4c2d-ab88-5ee7ea57c26a,TFA 2009 MLS-Next,Total Futbol Academy,u17,100,74d5b5b4-6b87-4198-bc3a-58f788c62eb9,TFA MLS 2011,Total Futbol Academy,u15,100,09332b78-b86a-4047-9e81-5cfb01b858f8,TFA MLS NEXT 2010,Total Futbol Academy,u16,100,
Athletum FC Academy,athletum fc,856,"U13, U14, U15, U16, U17","AD, HD",190,2c372647-16ba-4b27-af3c-9985ce56eeb3,Athletum FC MLS 2010,Athletum SC,u16,84.21052631578947,8f0853ba-c592-4c1b-aac2-ff73036bdccc,Athletum FC MLS 2012,Athletum SC,u14,84.21052631578947,481b8253-837c-4493-9f46-575b76447832,Athletum FC MLS 2011,Athletum SC,u15,84.21052631578947,
Sacramento United,sacramento united,564,"U13, U14, U15, U16, U17","AD, HD",189,d6b3203a-2632-4a3a-904d-313600c07018,11B MLS Next 2,Sacramento United,u15,100,b4a673b7-cf52-4a0f-8b5d-5492e42baddf,08 MLS Next,Sacramento United,u18,100,c8dc3d69-22ce-4cff-93cf-802f4e4eeb66,09 MLS Next,Sacramento United,u17,100,
South Florida Football Academy,south florida football,278,"U13, U14, U15, U16, U17","AD, HD",189,e533e945-c0b5-493f-8c88-09e430c2ebcf,SFFA Boys 2012 AD,South Florida Football Academy,u14,100,983eade2-85c2-4bb1-a26f-008a90110e0a,South Florida Football Academy 2009,South Florida Football Academy,u17,100,435ba3be-7676-42e2-82d8-b2aec0717ab6,South Florida Football Academy 2010,South Florida Football Academy,u16,100,
Las Vegas Sports Academy,las vegas sports,467,"U13, U14, U15, U16, U17","AD, HD",188,0480357a-ded6-412c-833f-0cf9a88a283c,Las Vegas Sports Academy U10 Boys Grey 2016,Las Vegas Sports Academy,u10,100,d14c36ee-6a04-41d8-8991-c8a35f843fa1,Las Vegas Sports Academy U10 Boys Black 2016,Las Vegas Sports Academy,u10,100,cd611e59-9479-4c5c-ad08-bc06ddc47187,Las Vegas Sports Academy U11 Boys Black 2015,Las Vegas Sports Academy,u11,100,
ALBION SC San Diego,albion sc san diego,101,"U13, U14, U15, U16, U17","AD, HD",188,6a7c963f-c856-4eed-bedd-b1f090ff117e,Albion SC - Boys 2014,ALBION SC San Diego,u11,100,46b48d40-47e1-4f8e-a3b0-099bb42f71fb,ALBION SC San Diego B08 Academy,ALBION SC San Diego,u18,100,b24e57c0-c474-4c14-91be-cc9b60c46550,ALBION SC San Diego B09 EA,ALBION SC San Diego,u17,100,
Queen City Mutiny FC,queen city mutiny,472,"U13, U14, U15, U16, U17","AD, HD",188,8354cf28-54e9-4925-9533-ef0a14f7a046,CCLNC Queen City Mutiny 2012,Queen City Mutiny,u14,100,29124555-181d-4113-bc8a-e7253e2dd076,QCM 2009 MLS Next AD,Queen City Mutiny,u17,100,f2d4e132-ea0a-4c51-8b8f-c1dcc441e5f0,QCM 2010 MLS Next AD,Queen City Mutiny,u16,100,
Tampa Bay United,tampa bay united,387,"U13, U14, U15, U16, U17","AD, HD",187,32ae4204-c65c-4eca-949f-677e9f0347c7,Tampa Bay United MLS 2008,Tampa Bay United,u17,100,cdb3be25-84ae-4cde-a826-beb85f4dafa2,TBU 2010B MLS Next HG,Tampa Bay United,u16,100,a5cb5a0b-6625-4c0a-8ba5-01d894494865,TBU 2010/2011B Elite Wesley Chapel,Tampa Bay United,u16,100,
IMG,img,37,"U13, U14, U15, U16, U17","AD, HD",187,e5647453-5c0a-45f9-bae4-cc56572535db,IMG Academy Select 2013 Boys,IMG Academy,u13,100,111f5e06-25bb-4cfb-8488-d30a504d2982,IMG U13 HG Boys,IMG Academy,u13,100,39d2daf4-fecd-4294-b92d-07abcfb83627,IMG U15 HG Boys,IMG Academy,u15,100,
AC River,river,1144,"U13, U14, U15, U16, U17","AD, HD",186,65db6192-dff9-412b-8af4-ebd793cdc6cb,RSC '14 Boys Black,River Soccer Club,u12,100,b50444e6-397c-450e-9367-9ff1a2e38d0c,RSC '10 Boys GOLD,River Soccer Club,u16,100,ee2089f4-1fc5-4b05-a2b0-9685510e0a29,RSC '11 Boys,River Soccer Club,u15,100,
ALBION SC Las Vegas,albion sc las vegas,456,"U13, U14, U15, U16, U17","AD, HD",185,7c0637ac-371c-4b29-b39f-5988753a95f8,ALBION SC Las Vegas B10 EA,ALBION SC Las Vegas,u16,100,95a00bde-38fc-4fb5-a207-b5b65d38a900,ALBION SC Las Vegas B15 Academy III,ALBION SC Las Vegas,u11,100,c9e676d5-5182-47c8-a628-6de69d2ed15e,ALBION SC Las Vegas B14 Academy I,ALBION SC Las Vegas,u12,100,
Ventura County Fusion,ventura county fusion,397,"U13, U14, U15, U16, U17","AD, HD",184,f6990156-4020-4c33-80a5-47f4f5dfea88,Oaks FC EA 2009,Ventura County Fusion,u17,100,dc143b4d-4bc7-456a-b356-2f984f93426c,VC Fusion B15 MA,Ventura County Fusion,u11,100,ddc8c0af-eabc-408e-a60f-e1553c97343e,VC Fusion EA,Ventura County Fusion,u14,100,
Napa United,napa united,410,"U13, U14, U15, U16, U17","AD, HD",179,c4982491-8730-4f77-a7a8-ceec2fc07d1a,Napa United 2008B MLS,Napa United,u18,100,780f8864-a1d4-41d8-bf8e-96d6ba85cf62,Napa United Academy 10B,Napa United,u16,100,847dc117-d50e-4def-853e-4cb31cf901f5,Napa United 13B Elite,Napa United,u13,100,
Silicon Valley Soccer Academy,silicon valley,104,"U13, U14, U15, U16, U17","AD, HD",178,eb1651db-c6ad-4b3d-b8fd-0fd94f5dc730,Silicon Valley SA 2010B MLS,Silicon Valley SA,u16,100,a8b54147-d0fe-416c-b29f-3d5a847d0931,Silicon Valley SA U17,Silicon Valley SA,u18,100,,,,,,
Lamorinda Soccer Club,lamorinda,411,"U13, U14, U15, U16, U17","AD, HD",176,0ca740db-faf9-4daf-981c-4377f265e14e,Lamorinda 2014B Pre-MLS,Lamorinda SC,u12,100,946edf30-c473-4b24-a612-d58d192150b7,Lamorinda 2010B MLS Next,Lamorinda SC,u16,100,02c583db-89f6-4141-89a8-03902a97797d,Lamorinda United 2014/2015B Navy,Lamorinda SC,u12,100,
Ballistic United,ballistic united,105,"U13, U14, U15, U16, U17","AD, HD",176,defd8041-aa6d-4a79-bf9e-844123cb094b,BUSC 2009 Elite 1,Ballistic United,u17,100,9d280902-16de-49de-a768-851c51110fa7,BUSC 2009B MLS,Ballistic United,u17,100,2b2f7ced-6d01-4861-9d40-4136b54b5cf2,BUSC 2008 Elite 2,Ballistic United,u18,100,
Houston Rangers,houston rangers,868,"U13, U14, U15, U16, U17","AD, HD",173,446ae546-60fe-44f6-8bbf-22b3cd38b834,Houston Rangers U16B TAL,Houston Rangers,u16,100,53e438cb-718d-4b3d-9071-67f1af39f108,Houston Rangers U14B TAL,Houston Rangers,u14,100,084e7f1c-3203-4ad4-8b37-4f96c65b546e,Houston Rangers U15B TAL,Houston Rangers,u15,100,
FC Bay Area Surf,bay area surf,406,"U13, U14, U15, U16, U17","AD, HD",172,75d8e2eb-64af-4284-8d9b-cac6ff00c2f8,08B NPL,Bay Area Surf,u18,100,02700068-b568-4837-b9ca-ab877391d7ea,09 MLS,Bay Area Surf,u17,100,a961513e-8a30-45cc-94b1-f099cd5c794a,11B Academy 1,Bay Area Surf,u15,100,
Wake FC,wake,477,"U13, U14, U15, U16, U17","AD, HD",169,ac6f2fb8-f78d-4bca-9b83-1706ba056c08,09 WFC Blue,Wake FC,u17,100,5253535f-400d-4231-b62a-361c6fb63b43,08 (17U) WFC Gold North (NC) (NLPC),Wake FC,u18,100,14dede8c-95a5-4013-a1bc-fce6e537c81a,08 WFC Blue,Wake FC,u18,100,
De Anza Force,de anza force,77,"U13, U14, U15, U16, U17","AD, HD",169,c8fe2cd5-815b-43a5-a6f4-a1712113c77e,DeAnza Force Academy 08B,De Anza Force,u18,100,8d26ed98-2578-455e-b808-f97693d6caef,De Anza Force RL B08,De Anza Force,u18,100,49208bce-d303-4fdf-a985-e63f3f6cdd7a,De Anza Force RL B08,De Anza Force,u16,100,
IdeaSport SA,ideasport,463,"U13, U14, U15, U16, U17","AD, HD",168,1a08f087-4e70-4110-8aed-191d576cf47a,IdeaSport SA 2012 MLS NEXT I,IdeaSport Soccer Academy,u14,100,861c5acb-c231-40ea-a99d-34b8e173fb18,IdeaSport 2012 NAL,IdeaSport Soccer Academy,u14,100,cf2e0d27-8a73-42f7-bb00-9d9e10f15344,IdeaSport 2011 Pro,IdeaSport Soccer Academy,u15,100,
Inter Atlanta FC,inter atlanta,383,"U13, U14, U15, U16, U17","AD, HD",167,910c7bd8-e93b-46e4-b9ec-02ddf7dbffc5,Inter Atlanta FC 09B NAL,Inter Atlanta FC,u17,100,aca15286-7b50-40ca-a507-039578fad640,Inter Atlanta FC 12B SCCL Black,Inter Atlanta FC,u14,100,bf88bfb5-0104-4345-80aa-f199981ee4bf,Inter Atlanta FC 11B NAL,Inter Atlanta FC,u15,100,
Sacramento Republic FC,sacramento republic,45,"U13, U14, U15, U16, U17",HD,166,dbbc9472-2454-424d-93cc-487890d5aea4,Sacramento Republic FC 2010B MLS,Sacramento Republic,u16,100,ef1d7e01-d0c6-40ba-8ced-d185ad50d3b5,Sacramento Republic FC U17,Sacramento Republic,u18,100,056f2f97-b0dc-4afa-bba2-16bb816cfa1c,Sacramento Republic FC U16,Sacramento Republic,u17,100,
Triangle United Soccer Association,triangle united soccer association,567,"U13, U14, U15, U16, U17","AD, HD",166,3302d4d9-69e3-4979-9f8a-2fcc34315fb1,Carolina United Soccer Association,,u10,85.29411764705883,4d9b1c80-0e12-4985-9ace-c7f43cb35263,McCall U13B Travel Team A,McCall United Soccer Association,u13,84.84848484848484,51119366-08b1-4d2c-b1b5-d12f661afc8a,McCall U14B Travel Team,McCall United Soccer Association,u15,84.84848484848484,
Baltimore Armour,baltimore armour,54,"U13, U14, U15, U16, U17","AD, HD",166,57fb7e56-7ab5-4a65-9d97-7a7883438f1a,Baltimore Armour 2014,Baltimore Armour,u12,100,7678665e-cb7e-485a-81a4-493f118631bc,BA Boys 2013/2014 - Pre-MLSNext 2,Baltimore Armour,u13,100,40b6a2bf-8c59-4926-a051-50e11235a272,Baltimore Armour 2009,Baltimore Armour,u17,100,
FC DELCO,delco,62,"U13, U14, U15, U16, U17","AD, HD",165,574f779c-7748-4653-888a-2e46af33a357,MLS NEXT '10,FC DELCO,u16,100,ba56cfbf-76eb-4db0-89a2-31482715fd20,MLS NEXT '12,FC DELCO,u14,100,32f9ba97-fd19-4f65-8ea3-c9d4a0d6ef3d,MLS NEXT '11,FC DELCO,u15,100,
TSF Academy,tsf,365,"U13, U14, U15, U16, U17","AD, HD",159,,,,,,,,,,,,,,,,
AFC Lightning,lightning,455,"U13, U14, U15, U16, U17","AD, HD",158,f279daf0-5924-4c01-83c0-4cd1594ef329,AFC 09 SCCL Boys,AFC Lightning,u17,100,59910304-2f79-46c7-b88d-c833b45504a5,AFC Lightning 11B MNAD,AFC Lightning,u15,100,c7522753-e366-41b8-a6fe-c8c087a94bee,AFC Lightning 10B NAL,AFC Lightning,u16,100,
Tormenta FC Academy,tormenta fc,476,"U13, U14, U15, U16, U17","AD, HD",157,2c0f33e2-bfec-4ef9-9438-b9f7c4e9ebe6,TFC 14B Statesboro,Tormenta FC Academy,u12,100,0048c3d9-910d-4901-abf9-7b56a006f953,TFC 14 Boys Ibis II GA,Tormenta FC Academy,u12,100,,,,,,
FC Golden State,golden state,19,"U13, U14, U15, U16, U17",HD,154,11171e7c-702c-4261-b99a-28224a6a71a2,B2009 FORCE MLS,FC Golden State,u17,100,c68b9564-f5b0-4250-92f8-e1244a4f885f,B2008 BG,FC Golden State,u18,100,16e86a1b-c96a-4bcb-84ee-5728290d3319,B2009 MLS2,FC Golden State,u17,100,
Cedar Stars Academy Monmouth,cedar stars academy monmouth,138,"U13, U14, U15, U16, U17","AD, HD",154,64eb25f7-e8b9-4c4e-8c73-db169a6f4f1a,2014B Pre-Academy/NEAL White,Cedar Stars Academy - Monmouth,u12,96.55172413793103,c34e779b-e92c-4629-90c2-18d389663e12,2015B Pre-Academy/NEAL Blue,Cedar Stars Academy - Monmouth,u11,96.55172413793103,e401af24-8bbe-488a-9af5-927fb22093f1,2008/07B USYS,Cedar Stars Academy - Monmouth,u18,96.55172413793103,
Players Development Academy,players development,63,"U13, U14, U15, U16, U17","AD, HD",154,93d0d3da-dcfd-4fb2-9c2c-e39f87d9f302,Hibernian Elite 64 08B,Players Development Academy,u18,100,2bdd4489-35f1-4757-a0eb-026192d61991,Hibernian Danubia 2008,Players Development Academy,u18,100,357c48e2-eacc-405b-9bda-1c93fa32c91e,Hibernian Matthaus 2007/08,Players Development Academy,u18,100,
Vardar Soccer Club,vardar,43,"U13, U14, U15, U16, U17","AD, HD",153,9d5c37b0-d293-4241-9e3e-a68ac227c0f4,Vardar 2010 MLS Next Academy,Vardar Soccer,u16,100,954eda18-6a9b-4bf5-ae76-66d35caac9b0,Vardar 2013 MLS Next Homegrown,Vardar Soccer,u13,100,082e89c7-e2cb-44d1-8eb2-56b62e8acbf0,Vardar 08 MLS Next Homegrown,Vardar Soccer,u18,100,
PA Classics,pa classics,29,"U13, U14, U15, U16, U17","AD, HD",152,d6783230-5529-4c4e-be2b-3aa1dffdbfbe,PA Classics Elite Green Lancaster 16M,PA Classics,u10,100,5a0a08b7-4669-4465-a689-ae4f423dffaa,PA Classics Academy 14,PA Classics,u12,100,342d9c77-efee-4913-87e2-b77a377512a3,PA Classics Academy Reading 16M,PA Classics,u10,100,
Santa Barbara Soccer Club,santa barbara,394,"U13, U14, U15, U16, U17",HD,151,98c29691-f3d1-457d-b048-3f7b5cfada6d,Santa Barbara S.C. B2008 White,Santa Barbara Soccer Club,u18,100,0bf5fb7f-5d4e-4739-b885-043248ce3a9d,Santa Barbara SC White,Santa Barbara Soccer Club,u11,100,7ca87519-61b7-4991-a748-667f1ffcea3f,Santa Barbara Soccer Club 2010B MLS NEXT,Santa Barbara Soccer Club,u16,100,
Inter Miami CF,inter miami,335,"U13, U14, U15, U16, U17",HD,151,a4b2cab3-1262-452c-a709-14d7e55d4bfc,IMCF 2009B MLS,Inter Miami CF,u15,100,57bbe566-69df-43e6-b5ff-00ec61114405,IMCF U17,Inter Miami CF,u18,100,ea0f91d5-7504-4d44-8c4d-4dc4539677a9,IMCF 2010B MLS,Inter Miami CF,u14,100,
SoCal Reds FC,socal reds,566,"U13, U14, U15, U16, U17","AD, HD",150,ff9483cd-9b37-4518-bb63-7df78c46e567,B09 PREMIER - PB*,SoCal Reds FC,u17,100,e6199562-d5c5-4389-a11b-897d0619e7cd,B10 PREMIER - PB*,SoCal Reds FC,u16,100,25d375bf-f78f-41a6-a8b5-9abb820dd63a,B12 PREMIER - RK *,SoCal Reds FC,u14,100,
Orlando City Soccer School South,orlando city soccer school south,471,"U13, U14, U15, U16, U17","AD, HD",150,7237d786-795c-42e5-9c72-b65244cb5301,OCSS - Seminole 2011B Elite Purple,Orlando City Soccer School Seminole,u15,86.56716417910448,6c35827f-8ed4-49a6-842e-09f3c8b89ae0,OCSS - Seminole 2011B Elite,Orlando City Soccer School Seminole,u15,86.56716417910448,c27b1361-b3da-4c2c-9363-616aa741544d,OCSS - Seminole 2010B Elite,Orlando City Soccer School Seminole,u16,86.56716417910448,
Bethesda SC,bethesda,91,"U13, U14, U15, U16, U17","AD, HD",150,db4c9d6e-8bb8-4e08-9d7b-b7273fb7081b,Bethesda Academy II 2014,Bethesda SC,u12,100,2853203f-8a0d-4755-a261-d2f4655f7b61,Bethesda Academy I - Silver 2014,Bethesda SC,u12,100,93d2766c-bceb-4c12-8648-60c427f4f62e,Bethesda Academy III 2014,Bethesda SC,u12,100,
Real Futbol Academy,real futbol,401,"U13, U14, U15, U16, U17","AD, HD",150,b2cd8887-6d33-498c-bdf4-a7dec3aca89c,Real FA U16 MLS NEXT AD,Real Futbol Academy,u16,100,1a4e18ff-21a0-46fd-9d12-80f8c732bf04,Real FA U13 MLS NEXT AD,Real Futbol Academy,u13,100,7761d1cb-f9aa-45e3-92d9-6ce215ca0bee,Real FA 2015 Pre-MLS,Real Futbol Academy,u11,100,
Beadling SC,beadling,459,"U13, U14, U15, U16, U17","AD, HD",149,210a9f04-35dc-41b7-b232-f378c76b19e5,Beadling 2009 NAL,Beadling SC,u17,100,4c48e3bd-9f8b-42d0-ac4b-e0837122e6b9,Beadling 2009 Boys South RL GLA,Beadling SC,u17,100,b8244555-d6b5-4644-a9be-ad3b43e08b11,Beadling 2013 Boys South Black,Beadling SC,u13,100,
Blau Weiss Gottschee,blau weiss gottschee,32,"U13, U14, U15, U16, U17","AD, HD",147,8f74d38e-dffa-49b5-9424-c12bd29d57bf,Blau Weiss Gottschee U17 MLS Next,BW Gottschee Academy,u17,75.0,4f67f3db-7456-4183-9065-e0aec2a65115,Blau Weiss Gottschee '14 White,BW Gottschee Academy,u12,75.0,4ef0cabf-9bfc-4ade-9564-1908c4ed7d6b,Blau Weiss Gottschee U13 MLS Next II,BW Gottschee Academy,u13,75.0,
Sockers FC Chicago,sockers fc chicago,16,"U13, U14, U15, U16, U17","AD, HD",147,12154c54-ca42-43b3-9255-179dd4fad45f,Celtic FC Chicago 2011B White,Celtic FC Chicago,u15,74.28571428571429,a6dd6be9-3874-4056-bc4d-58c8b0aa91c9,Celtic FC 2013B Green,Celtic FC Chicago,u12,74.28571428571429,e62ecccd-2581-4e25-8038-b68b5af8f663,Celtic FC 2013B White,Celtic FC Chicago,u12,74.28571428571429,
San Francisco Glens SC,san francisco glens,409,"U13, U14, U15, U16, U17",HD,146,d8c5f91c-aa44-42a4-a80f-fb684d692af9,Academy 13B MLS Next I,San Francisco Glens Soccer Club,u12,100,c817b372-0dff-4a0b-9762-f19428a7617b,San Francisco Glens 09B MLS X2,San Francisco Glens,u17,100,a8aab1c5-78d4-4116-ae6a-821d6903dad1,San Francisco Glens 14B MLS X2,San Francisco Glens,u12,100,
Metropolitan Oval,metropolitan oval,188,"U13, U14, U15, U16, U17","AD, HD",142,,,,,,,,,,,,,,,,
Michigan Wolves,michigan wolves,273,"U13, U14, U15, U16, U17","AD, HD",142,839c5ad4-963f-4905-8d18-0ca9acaab759,Michigan Wolves 09 Black,Michigan Wolves,u17,100,b0c9c887-da12-44be-8ce5-086968c66d9d,Michigan Wolves 10 Black,Michigan Wolves,u16,100,7578aa40-b0c0-4bd6-ab10-ffc7c77651cc,Michigan Wolves 10 Gold,Michigan Wolves,u16,100,
ALBION SC Merced,albion sc merced,568,"U13, U14, U15, U16, U17","AD, HD",141,d2e94e86-28b2-4637-9c65-a5506a8c655e,ALBION SC Merced B14 Academy,ALBION SC Merced,u12,100,fb116890-c6d6-4d44-bc12-daf8a4bda505,ALBION SC Merced B13 Pre-MLS NEXT,ALBION SC Merced,u13,100,529aa12b-a8cd-4d32-ac43-f05c386f52e3,ALBION SC Merced B08 NPL,ALBION SC Merced,u18,100,
Beachside of Connecticut,beachside of connecticut,89,"U13, U14, U15, U16, U17","AD, HD",141,bfc6fc2b-b84d-4429-b40e-1718863bde0e,B2008 ECNL,A.C. Connecticut,u18,70.0,72db4e03-e415-40f9-9440-274559da0c17,B2013 ECRL,A.C. Connecticut,u13,70.0,25eca11c-458b-487d-89b2-bdd88a802030,B2010 ECNL,A.C. Connecticut,u16,70.0,
Sporting Athletic Club,sporting,862,"U13, U14, U15, U16, U17","AD, HD",141,620e0a83-500f-4161-b664-401718445192,Sporting FC B2013,Sporting Football Club,u13,100,393d417c-3b9b-4747-80a6-e71e424664e9,Sporting FC B2015,Sporting Football Club,u11,100,48caf527-d9de-4c20-960a-750f3c2a72ce,Sporting FC B2013 Lalo Rodarte,Sporting Football Club,u13,100,
The Town FC Academy,the town fc,461,"U13, U14, U15, U16, U17",HD,140,fc993767-198a-4807-99a8-e4f2291b7c21,TTFC U13,The Town FC Academy,u13,100,bf559006-2505-4809-b181-a7289f91742e,TTFC U17,The Town FC Academy,u17,100,12b9bb19-f96a-4966-b9d9-ce306a590c46,TTFC U15,The Town FC Academy,u15,100,
Los Angeles Surf,los angeles surf,395,"U13, U14, U15, U16, U17",HD,140,d71e05ea-4191-4b1c-87c6-9d5ffe6afb17,09B,Los Angeles SC,u17,81.4814814814815,da2ee42c-64f7-496b-9bcc-1cba6c82dd1e,08B EA2,Los Angeles SC,u18,81.4814814814815,e9404da4-1846-470d-ae60-e9a12ffb5642,09B EA,Los Angeles SC,u17,81.4814814814815,
Rochester NY FC,rochester ny,70,"U13, U14, U15, U16, U17","AD, HD",139,7dbbde7c-3d02-4dfa-b483-98fd411bd3c8,Rochester Ny FC,,u17,100,,,,,,,,,,,
Chicago FC United,chicago fc united,83,"U13, U14, U15, U16, U17","AD, HD",138,d941d0b7-8972-4279-9374-7fbe884e4901,Carol Stream Panthers Academy 2010 (IL),Chicago United SC,u16,90.32258064516128,3932df3e-17f8-4910-b752-983593035c18,CUSC 15B Select FF,Chicagoland United SC,u11,80.0,a2944895-510f-4b51-a75b-37c38d67f905,United Elite 08B EA,Chicagoland United SC,u18,80.0,
Los Angeles Football Club,los angeles,184,"U13, U14, U15, U16, U17",HD,137,d71e05ea-4191-4b1c-87c6-9d5ffe6afb17,09B,Los Angeles SC,u17,100,da2ee42c-64f7-496b-9bcc-1cba6c82dd1e,08B EA2,Los Angeles SC,u18,100,e9404da4-1846-470d-ae60-e9a12ffb5642,09B EA,Los Angeles SC,u17,100,
Midwest United FC,midwest united,368,"U13, U14, U15, U16, U17","AD, HD",136,628ec786-bfc9-4f0a-be98-15f66fda1f98,Midwest United FC 10B E64-RL,Midwest United,u16,100,66b62bb5-f39c-43cb-aefe-f5bf13c3120b,Midwest United FC 09B NMFC,Midwest United,u17,100,ab4ccfcc-b0b1-46e5-872e-eea0d6ceb760,Midwest United FC 10B NAL,Midwest United,u16,100,
Michigan Jaguars,michigan jaguars,370,"U13, U14, U15, U16, U17","AD, HD",136,1eb7c12e-62e4-4264-a16a-0f15b65d5518,Michigan Jaguars 2012 MLS Next,Michigan Jaguars,u14,100,6e6a24c3-f29e-4f88-a0bd-0a76f10dc1f2,Michigan Jaguars 2010 MLS Next,Michigan Jaguars,u16,100,5be3870e-efc4-4099-aac8-39f66a5df0cd,Michigan Jaguars 2009 Boys NAL,Michigan Jaguars,u17,100,
SC Wave,sc wave,473,"U13, U14, U15, U16, U17","AD, HD",136,770edfd7-d511-4863-8684-93c0aad9f0b2,SC Wave Elite 2011 Boys,SC Wave,u15,100,e7b36763-3b42-4ece-9e71-d174188555d6,SC Wave,,u10,100,8a02d537-e9aa-4c1d-8449-3c46e9b7f74f,SC Wave 2008 MLS NEXT,SC Wave,u18,100,
Woodside Soccer Club Crush,woodside soccer club crush,478,"U13, U14, U15, U16, U17","AD, HD",135,ef6ac472-d806-42e4-998a-66c9b1d2aff0,Beachside U12 North EDP (2014),Beachside Soccer Club CT,u12,72.0,47450569-5ab8-497b-b48d-35607261ba82,Beachside U12 South EDP (2014),Beachside Soccer Club CT,u12,72.0,d7032fb6-4258-4f85-b4e8-8e512c0e5f8c,Beachside U14 MLS Next 2011,Beachside Soccer Club CT,u15,72.0,
FC Westchester,westchester,38,"U13, U14, U15, U16, U17","AD, HD",135,41be4c7b-0f04-4c19-8f65-2fa5cce94715,2010 Academy,Westchester SC,u16,100,1a0234a6-1bef-45aa-acd0-57caea51e675,2008/07 MLSNEXT AD,FC Westchester,u18,100,558b8f54-c6f1-4f7a-9c1c-d4ddac541611,2009 MLSNEXT HG,FC Westchester,u17,100,
Ironbound Soccer Club,ironbound,490,"U13, U14, U15, U16, U17","AD, HD",134,a1cf33ab-eea2-4a95-98e3-bf92751183ea,2008 UNITED,Ironbound SC,u18,100,c2ec73e0-d301-40c3-952b-d286d5ebc806,2008 - NAL,Ironbound SC,u18,100,5b94a4a0-67ad-4bd9-b4b1-60d817b907f5,2009 - NAL,Ironbound SC,u17,100,
Jacksonville FC,jacksonville,1243,"U13, U14, U15, U16, U17","AD, HD",132,04664ec5-fc80-4705-97bb-2e1b30ad6209,ARMADA FC 2009 MLS NEXT Homegrown Divsion,Jacksonville FC,u17,100,781039af-4f5a-4865-8fc9-3dea59553ed1,Armada FC 2010 MLS Next Homegrown Divsion,Jacksonville FC,u16,100,4c36b1cf-03d1-4823-a643-afa0333dd41b,JFC 10B REC ROWAN,Jacksonville FC,u16,100,
Keystone FC,keystone,1139,"U13, U14, U15, U16, U17","AD, HD",132,d12d633a-c51c-48f2-9b24-46b6bd7eb8b4,United 11/12B,Keystone FC,u15,100,1f290fe5-37e1-4b8a-91a3-51a97c8f3ae5,United 13B,Keystone FC,u13,100,224d33a8-d43d-4e2e-bae5-1010d0df71d9,United Blue 15B,Keystone FC,u11,100,
Modesto Ajax United,modesto ajax united,859,"U13, U14, U15, U16, U17","AD, HD",131,8683380a-dff6-48c1-9596-81a3f998c6e6,Ajax United 09B Green MLS II,Ajax United,u17,73.33333333333334,d2470650-7084-4279-ab62-9a12e15284fa,Ajax United 11B Academy MLS Next,Ajax United,u15,73.33333333333334,4fa3959f-5227-4a85-b3e3-9bf16cbd904a,Ajax United 12B Academy MLS Next,Ajax United,u14,73.33333333333334,
City SC San Diego,city sc san diego,392,"U13, U14, U15, U16, U17",HD,131,6a7c963f-c856-4eed-bedd-b1f090ff117e,Albion SC - Boys 2014,ALBION SC San Diego,u11,77.77777777777779,46b48d40-47e1-4f8e-a3b0-099bb42f71fb,ALBION SC San Diego B08 Academy,ALBION SC San Diego,u18,77.77777777777779,b24e57c0-c474-4c14-91be-cc9b60c46550,ALBION SC San Diego B09 EA,ALBION SC San Diego,u17,77.77777777777779,
LA Galaxy,la galaxy,14,"U13, U14, U15, U16, U17",HD,131,97a7e2df-43e7-4acd-897e-38ece2fed98e,LA Galaxy 2009B MLS,LA Galaxy,u17,100,6d1b43c4-8c61-4fde-96a2-3fbbbf1da3ec,LA Galaxy 2007 MLS,LA Galaxy,u18,100,005e7d52-a280-444a-9daf-b292d753cbe7,LA Galaxy 2010B MLS Next,LA Galaxy,u16,100,
Barca Residency Academy,barca residency,102,"U15, U16, U17","AD, HD",130,c02992b8-1a50-42b5-97e2-e423351e3102,Barça Residency Academy 08B MLS,Barca Residency Academy,u18,100,,,,,,,,,,,
Indy Eleven,indy eleven,48,"U13, U14, U15, U16, U17","AD, HD",129,2cde2302-943d-4d29-961c-b8b7d49b7338,Indy Eleven 2015B Red,Indy Eleven Academy,u11,100,684c7761-7e60-42ab-aba3-42f33519fa71,Indy Eleven 2011B Fall White,Indy Eleven Academy,u15,100,3d76ecb4-1c57-4acb-9317-13e497c956fb,Indy Eleven 2012B White,Indy Eleven Academy,u14,100,
Intercontinental Football Academy of New England,intercontinental football academy of new england,464,"U13, U14, U15, U16, U17","AD, HD",128,5a0c2c4d-4629-4400-aa40-2504efce6123,Peak FA- New England 2012,Peak Football Academy New England,u14,76.54320987654322,0478dc28-39fe-4724-af1a-df550422c94a,Peak FA- New England 2014,Peak Football Academy New England,u12,76.54320987654322,,,,,,
Bavarian United SC,bavarian united,458,"U13, U14, U15, U16, U17","AD, HD",128,4f817081-ad40-4b52-91f2-e7189aa8dc73,Bavarian United U13 MLS NEXT Academy Division,Bavarian United SC,u13,100,9c77da5c-a478-4af7-bba4-abde0de6ca2a,Bavarian United U16 MLS NEXT Homegrown,Bavarian United SC,u16,100,9f813ace-32a7-4704-b9bb-3c1dda6899d3,Bavarian United U17 MLS NEXT Homegrown,Bavarian United SC,u17,100,
RSL Arizona Mesa,rsl arizona mesa,563,"U13, U14, U15, U16, U17","AD, HD",127,94e67cbe-52c6-460c-9b65-e284a45fedde,RSL AZ 11B MLS Next AD,RSL Arizona,u15,81.4814814814815,c3ee4e29-50aa-45e8-b6ca-ab3a667fcd41,RSL Arizona MLS Next Mesa U14 (2011),RSL Arizona,u15,81.4814814814815,2838b90b-c82d-44ff-a6cc-c3d7b7a65101,RSL Arizona MLS Next U13 (2011),RSL Arizona,u14,81.4814814814815,
San Francisco Seals,san francisco seals,565,"U13, U14, U15, U16, U17","AD, HD",127,cebdfb6a-3e9d-4c78-babc-4c1a73a607cc,San Francisco Seals U13,San Francisco Seals,u16,100,8ff13d62-42b8-4c5e-a804-e58289d93724,SF Seals 13B Black Do Not Use,San Francisco Seals,u13,100,60796771-762f-4c34-a3ae-b259d46f7ac9,SF Seals 13B Red,San Francisco Seals,u13,100,
St. Louis Scott Gallagher,st. louis scott gallagher,82,"U13, U14, U15, U16, U17","AD, HD",126,5148c936-80f0-4614-b88a-602ee6f07827,SLSG IL B 2012 Inter Black,St. Louis Scott Gallagher,u14,100,d02bef19-a995-400f-a500-6b4a67c859b1,SLSG IL B 2015 Academy Red,St. Louis Scott Gallagher,u11,100,1ca27dab-ae60-4ff3-ba28-c220f7250072,SLSG MO B 2014 Premier Silver,St. Louis Scott Gallagher,u12,100,
New York SC,new york,90,"U13, U14, U15, U16, U17","AD, HD",126,6d4bc011-0514-44c4-9a65-7aabf5316334,NYSC B2012 MLS HG,New York SC,u14,100,6f024ed9-fa3e-4bbf-b94b-80c56291ba76,NYSC B2013 MLS HG,New York SC,u13,100,f5ff8227-3d26-4b4a-bee5-aab4194a5965,NYSC B2016 White,New York SC,u10,100,
Cedar Stars Academy Bergen,cedar stars academy bergen,137,"U13, U14, U15, U16, U17","AD, HD",126,bbaa43e1-78a9-4ebb-a660-35386bf8e36d,Cedar Stars Academy Bergen MLS Next 2008,Cedar Stars Academy - Bergen,u17,96.2962962962963,7b340c7b-aec7-4acf-a905-84f0848c5ffa,U17 MLS Next Homegrown,Cedar Stars Academy - Bergen,u17,96.2962962962963,19845b89-bb26-4790-83ca-03fb62abbf59,U15 MLS Next Homegrown,Cedar Stars Academy - Bergen,u15,96.2962962962963,
Cincinnati United Premier Soccer Club,cincinnati united premier,369,"U13, U14, U15, U16, U17","AD, HD",125,a346d984-b2ad-416f-8395-595ef38160bd,Cincinnati United Premier Soccer Club 2010B MLS,Cincinnati United,u15,80.95238095238095,ae2634bd-3674-4943-8cb5-f2a00b182465,CU North 10B Fall Team,Cincinnati United,u16,80.95238095238095,a2e57883-550d-4b6a-8510-6582eec5bcfc,CU North 10B Astra,Cincinnati United,u16,80.95238095238095,
Philadelphia Union,philadelphia union,21,"U13, U14, U15, U16, U17",HD,125,78947d68-1344-4c6b-a21e-43fb23713361,PPP 2012 White,Philadelphia Union,u14,100,5dfbe09a-e338-434f-aabf-abd5b8eb10ce,Philadelphia Union 2009,Philadelphia Union,u17,100,ddfece84-5f5c-4659-9856-dc3fe78a733c,Philadelphia Union Junior Academy 2012,Philadelphia Union,u14,100,
Dallas Hornets,dallas hornets,866,"U13, U14, U15, U16, U17",HD,123,3c7f21ba-ddf1-4423-af5c-311c8f30225d,Dallas Hornets MLS Next 2011B,Dallas Hornets,u15,100,d4c07ece-5fb5-47ed-a286-4cf3fcf0f0d8,Dallas Hornets 10B Navy - Boyles (prev alpha),Dallas Hornets,u16,100,b0c862ae-fcd4-4484-a64f-b2ea8810e335,Dallas Hornets 12B Green - THale (prev alpha),Dallas Hornets,u14,100,
Oakwood Soccer Club,oakwood,25,"U13, U14, U15, U16, U17","AD, HD",122,5780a426-6c0c-4d2f-b211-fb5023097e7e,Oakwood SC 12 MLS Next 1,Oakwood Soccer Club,u14,100,dca362fe-b68d-4bfd-9f87-dd627fe22afd,Oakwood SC 08 MLS Next 1,Oakwood Soccer Club,u18,100,8c39455a-e933-4884-9d42-279e9e396581,Oakwood SC 10 MLS Next 1,Oakwood Soccer Club,u16,100,
Lou Fusz Athletic,lou fusz athletic,468,"U13, U14, U15, U16, U17","AD, HD",121,c118b775-7f5c-42d4-bb73-a74615dd95a7,LFA Blue Star Major 2015B,Lou Fusz Athletic,u11,100,8666c427-ed70-484b-b5a2-fdcb2515cc1d,LFA Blue Star Premier 2015B,Lou Fusz Athletic,u11,100,732c5891-3c6b-40b5-ad40-b0e82cd65c97,LFA Blue Star Major 2016B,Lou Fusz Athletic,u10,100,
FC Dallas,dallas,10,"U13, U14, U15, U16, U17",HD,120,a4bf76dd-67fe-4799-a45a-dc9f4eca29c6,FC Dallas 2010 Academy,FC Dallas,u16,100,6b521d14-d870-46c4-82b5-d2e57fd91f02,FC Dallas 2008 Academy,FC Dallas,u18,100,681640c1-29f1-4ecd-887f-8cd61df3ad2e,FC Dallas 2009 Academy,FC Dallas,u17,100,
FA Euro New York,fa euro new york,496,"U13, U14, U15, U16, U17","AD, HD",119,12ea6aed-9ad0-4151-8c87-0c42711c745b,2010 Academy II,FA Euro New York,u16,100,72269f9a-cb53-4511-8a85-e70a597cdc0b,2008 RAL,FA Euro New York,u18,100,a7f7e408-8a0e-4455-8632-aa9659faa87d,2008 Pre-Academy,FA Euro New York,u18,100,
Bayside FC,bayside,403,"U13, U14, U15, U16, U17","AD, HD",119,75a87be3-303e-443c-9609-51f194483244,Bayside F.C. 11/12B,Bayside Football Club,u15,100,1a3eba84-27e9-4dcd-ba74-0bd572d3bbdc,2012B Red,Bayside FC,u14,100,5341beed-788a-4dff-a2cb-660088d91893,2013B Red,Bayside FC,u13,100,
Atlanta United,atlanta united,95,"U13, U14, U15, U16, U17",HD,119,db013457-fa85-428c-aaec-6ed364e545c4,Atlanta United FC 2009B MLS,Atlanta United FC,u17,100,b6ac5286-6d76-45f4-a193-e6d8ebf38920,Atlanta United FC 2010 MLS,Atlanta United FC,u16,100,78caa700-eaa4-4a7b-b9af-cb215cb95d88,Atlanta United FC U14,Atlanta United FC,u15,100,
NEFC,nefc,405,"U13, U14, U15, U16, U17","AD, HD",117,2ebe11ca-624b-48d7-90c1-e4fbfb254d47,Natick Red Devils,NEFC,u13,100,d329f4d0-bb85-45a6-9015-cba3be35bfac,NEFC 2009 MLS Next HG,NEFC,u17,100,dc3f9bd6-c6eb-4cca-b753-9b5eec43dab9,NEFC Blackstone Valley Boys 2008 Navy,NEFC,u18,100,
New York Red Bulls,new york red bulls,13,"U13, U14, U15, U16, U17",HD,117,59e47a66-7978-43a6-a0a0-871e0d94d01e,New York Red Bulls 2010B MLS,New York Red Bulls,u15,100,a92856fd-bda3-428e-9784-6d19752a3ff3,New York Red Bulls - Metro,New York Red Bulls,u13,100,47c68376-6d1c-4bb4-a669-cffc1cfe39fb,New York Red Bulls - Stars,New York Red Bulls,u13,100,
Achilles FC,achilles,371,"U13, U14, U15, U16, U17",HD,115,61771fec-45bd-48ae-b0f1-beed1fb5a68f,Achilles 2014,Achilles Football Club,u12,100,547e6313-cfa3-48d7-86c8-5bac3e91033d,Achilles 2010,Achilles Football Club,u16,100,08b128f1-7a1a-47cd-9ac2-479e100db482,Achilles 13,Achilles Football Club,u17,100,
FC Greater Boston Bolts,greater boston bolts,67,"U13, U14, U15, U16, U17","AD, HD",113,24413efc-ae65-49ce-9fba-93b48e48f8ac,2008 Boys South Shore NAL,FC Boston Bolts,u18,75.0,a8812861-80ca-4d1d-bc17-0e9e9a32b113,2008 Boys Central Academy BU17,FC Boston Bolts,u18,75.0,cf976861-38af-4452-8ba2-9fc518c7c316,2008 Boys West Elite RAL,FC Boston Bolts,u18,75.0,
Global Football Innovation Academy,global football innovation,867,"U13, U14, U15, U16, U17",HD,112,80b2462d-5a92-415a-9ee2-9980bfb3b9ba,Global Football Innovation 2010B MLS,Global Football Innovation,u15,100,6c84ec2e-d628-4667-b5d2-d4f7f37c295a,Global Football Innovation 2009B MLS,Global Football Innovation,u16,100,bf4359c4-d98c-4e0c-b485-213e1db3fa10,Global Football Innovation 2008B MLS,Global Football Innovation,u17,100,
LA Bulls,la bulls,581,"U13, U14, U15, U16, U17",HD,110,b289abb6-6940-41d1-8453-05b22accc658,Bulls Rush 2010 Boys NA,Bulls SC,u16,76.92307692307692,18e188d7-0375-4b2e-8aab-bf1e33b4db2c,2011 Bulls Boys Red,Bulls SC,u15,76.92307692307692,33d03fda-b2db-4eff-811e-11eb3b06af1b,2013 Bulls Boys Red Team,Bulls SC,u13,76.92307692307692,
Carolina Core FC,carolina core,1272,"U13, U14, U15, U16, U17","AD, HD",109,32e0f9ac-ccf2-4df9-a641-cd8a96ae0320,2008B CFC Swarm Cosmos,Carolina FC,u17,76.19047619047619,63e3ba19-beee-403c-a2a5-2a897b65bd90,2011B CFC Swarm Juventus Gold,Carolina Football Club,u14,76.19047619047619,6ad4ae09-2bdc-4ac7-a7a3-aaadc8ba475a,Carolina FC 2009 Boys Blue,Carolina FC,u17,76.19047619047619,
Hoosier Premier,hoosier premier,1140,"U13, U14, U15, U16, U17",HD,109,0e38aa2f-c1b0-4f2b-9498-ca9506c66ae8,Monroe Premier F.C. 2015B,Monroe Premier,u11,75.86206896551724,d082caf8-18ac-4f3b-80f2-65b9aeb00fca,U12T,Monroe Premier,u13,75.86206896551724,7602445e-709b-4f5d-86fd-b370854e8e12,U13,Monroe Premier,u14,75.86206896551724,
Nashville United Soccer Academy,nashville united,869,"U13, U14, U15, U16, U17",HD,108,9a494323-4ccc-4293-a496-64d32b1bec0c,10B NUSA Next,Nashville United Soccer Academy,u16,100,b25a5f07-f7ad-425b-852a-78cb0edb1b12,NUSA 08B Navy,Nashville United Soccer Academy,u18,100,cab0140d-1c7c-49b6-9806-d4b4df98287f,NUSA 09 Boys Navy,Nashville United Soccer Academy,u17,100,
Valeo Futbol Club,valeo,402,"U13, U14, U15, U16, U17","AD, HD",108,2f89a8b0-abaf-44e8-a55a-87eba005386f,2008 UNION,Valeo FC,u18,100,aae2c354-cfa1-46b9-9117-52de6c155454,2010 BARCELONA,Valeo FC,u16,100,bdfc4fc7-2497-4f43-93de-4d789af389a5,2009 BOCA JUNIORS,Valeo FC,u17,100,
Los Angeles Soccer Club,los angeles,1273,"U13, U14, U15, U16, U17","AD, HD",107,d71e05ea-4191-4b1c-87c6-9d5ffe6afb17,09B,Los Angeles SC,u17,100,da2ee42c-64f7-496b-9bcc-1cba6c82dd1e,08B EA2,Los Angeles SC,u18,100,e9404da4-1846-470d-ae60-e9a12ffb5642,09B EA,Los Angeles SC,u17,100,
Capital City SC,capital city,857,"U13, U14, U15, U16, U17",HD,106,39710fc9-9893-4488-a41c-1cc7b862c980,2012 Boys U13,Capital City Soccer Club,u14,100,e3466555-d59c-409d-ad39-284d0f142496,Capital City SC 14B Sky North (remove),Capital City SC,u13,100,d4c1690e-a973-42d7-b91d-d34141d28a42,Capital City SC U14 Next 2 North,Capital City SC,u14,100,
Austin FC,austin,362,"U13, U14, U15, U16, U17",HD,106,7efee5be-5e7b-44d0-b34a-df62eaced1e8,Austin FC 2009B MLS,Austin FC,u17,100,bc740110-0d38-4eba-bd1e-bcd97e3cb0f6,Austin FC U15,Austin FC,u15,100,,,,,,
Orlando City SC,orlando city,22,"U13, U14, U15, U16, U17",HD,105,01d585bb-e7ad-4b7f-9640-8a1808530e24,MLS Academy 2011,Orlando City Soccer Club,u15,100,130c2f42-657d-4f33-b6cc-8983a8b3aaff,MLS Academy 2010,Orlando City Soccer Club,u16,100,12bbb040-9e8a-40db-b83f-a30f556eb6ca,MLS Academy 2012,Orlando City Soccer Club,u14,100,
Downtown United Soccer Club,downtown united,1143,"U13, U14, U15, U16, U17","AD, HD",104,83820516-1e6b-4a51-8c76-56e79b2b45e1,Boynton United FC 2013/14,Boynton United FC,u13,82.75862068965517,3c20b76c-907c-4de6-b6a2-da182c62f130,Boynton United FC U11 (2015),Boynton United FC,u11,82.75862068965517,286aea4d-cf39-434c-adde-4d2e2abb4748,Dr. Phillips Soccer Club U15 Orange,Boynton United FC,u15,82.75862068965517,
Seacoast United,seacoast united,72,"U13, U14, U15, U16, U17",HD,101,510276d4-f69d-4f63-8a33-3940e2f385c0,RDP Boys 2012,Seacoast United,u14,100,d448b29f-88aa-4e4a-8b4c-d1a23ee6a3b1,RDP Boys 2011,Seacoast United,u15,100,1520cc28-967e-400d-ba8c-440a1d0594b1,2010 Boys NAL,Seacoast United,u16,100,
New England Revolution,new england revolution,27,"U13, U14, U15, U16, U17",HD,101,9a2a2d99-adaa-44dc-8ced-9dc284b546f4,New England Revolution 2007 MLS,New England Revolution,u18,100,9bf6495d-a975-42e1-9c99-bc4eed3f7e73,New England Revolution Academy 2012s,New England Revolution,u14,100,7775a865-f04d-427a-a9de-155539151602,New England Revolution Academy 2013s,New England Revolution,u13,100,
New York City FC,new york city,196,"U13, U14, U15, U16, U17",HD,100,6f439f16-cae2-4f66-9f15-6569491fb262,New York City FC 2010B MLS,New York City FC,u16,100,7441f263-26e9-444f-aae9-8a30cee92ddf,New York City FC 2007 MLS,New York City FC,u18,100,b092a02b-ca3c-410d-b888-1c69f825ae1b,New York City FC 2009B MLS,New York City FC,u17,100,
Long Island Soccer Club,long island,1146,"U13, U14, U15, U16, U17","AD, HD",100,03bcd21b-c871-4a0b-8726-472494389336,LISC Boys 2011 MLS NEXT Academy,Long Island SC,u15,100,e231d299-9924-45a6-a48b-a5cebc8f1524,Boys 2013 Academy East,Long Island SC,u13,100,7d8ac55d-a99d-4e96-9f36-8f9869a461f7,Boys 2010 Academy East II,Long Island SC,u16,100,
Tulsa Greenwood SC,tulsa greenwood,1325,"U13, U14, U15, U16, U17","AD, HD",99,6c50df04-bc77-4490-ad4b-401ebbdbe5d4,Greenwood 2014 Pre-MLS Next,Tulsa Greenwood SC,u12,100,e54fa784-6201-4857-a661-e622c35001c5,Greenwood U13 MLS Next,Tulsa Greenwood SC,u13,100,c37f7af0-2004-4a31-a421-556e2680b17b,Greenwood Pre-MLS Next 2 2014 B,Tulsa Greenwood SC,u12,100,
FC Cincinnati,cincinnati,334,"U13, U14, U15, U16, U17",HD,96,f78f9b99-83e7-465f-a402-c52a81eff630,FC Cincinnati 2007 MLS,FC Cincinnati,u18,100,484a3070-a487-42b0-a339-afa0a4582cde,FC Cincinnati 2010B MLS,FC Cincinnati,u16,100,e8fe20ca-6da7-47ad-b694-3f818594984a,FC Cincinnati 2009B MLS,FC Cincinnati,u16,100,
Charlotte FC,charlotte,398,"U14, U15, U16, U17",HD,90,6e007eeb-9da4-4f6d-845a-62df8235a4fc,2014B CSA CLT Pre-ECNL White,Charlotte Soccer Academy,u11,100,18e0ac90-b85b-4824-84a0-fb925e048c3e,08 (17U) CSA Charlotte King (NC),Charlotte Soccer Academy,u18,100,f5d56ff7-788b-40f6-b701-03839f158138,08 CSA Charlotte Liga,Charlotte Soccer Academy,u18,100,
Michigan Futbol Academy,michigan futbol,1310,"U13, U14, U15, U16, U17","AD, HD",90,73f3593a-18a3-416a-8ed2-e599d47f6b89,MI Power 16B White,Michigan Power Futbol Academy,u10,83.33333333333334,56baf425-cebd-403e-b0c6-a7d828fad35a,MI Power 2009B Black,Michigan Power Futbol Academy,u17,83.33333333333334,0d438f64-20c6-49e8-8eac-17cfa1463cf9,MI Power 2009B Gold,Michigan Power Futbol Academy,u17,83.33333333333334,
West Virginia Soccer,west virginia,863,"U13, U14, U15","AD, HD",88,be7f625c-da25-4d0b-8426-a6f03395eb4a,WVFC 09B,West Virginia Futbol Club,u16,100,d1034a31-2a66-4e55-807b-8f33f729a85e,WV Soccer 2014/2015 Boys Academy I,West Virginia Soccer,u12,100,7d8c7179-04ae-445f-9294-090ce405def8,WVFC 2013 Boys - Gray,West Virginia Futbol Club,u13,100,
Breakers FC,breakers,267,"U13, U14, U15, U16, U17",HD,87,92aa4e95-b8a4-40e9-b52f-28b0ea5ddd36,Breakers FC NEXT U15,Breakers FC,u17,100,9076033c-627f-4957-90f9-ef5841419be4,Breakers FC NEXT 2008B,Breakers FC,u18,100,91a9e58e-00a3-49d8-a87b-78d02157a3da,Breakers FC 10 MLS Next,Breakers FC,u16,100,
City SC Utah,city sc utah,1347,"U13, U14, U15, U16, U17",AD,83,8efb0986-5d3b-46a9-981c-8257acf971e6,City SC UT EA 12B-FMA,City SC Utah,u14,100,06134ebf-e03f-45f3-911d-457e1c616ac0,City SC UT Classic 10B-JW,City SC Utah,u16,100,896f08f5-18a7-473a-bc6b-2b3c7db31636,City SC UT Elite 15B-AA,City SC Utah,u11,100,
Nashville SC,nashville,385,"U14, U15, U16, U17",HD,81,b6799c57-0368-448b-bfe8-53df5689ea56,NFC 2012 Boys,Nashville FC,u14,100,0152398e-4650-48bd-80c8-d443d1ed1a6e,Nashville Futbol Club 2014,Nashville FC,u12,100,cad9be7c-cbc2-4591-ae42-1c4f7afb96d2,NFC 2011 Boys,Nashville FC,u15,100,
San Jose Earthquakes,san jose earthquakes,9,"U14, U15, U16, U17",HD,80,dfc2540e-0f70-496e-ac15-4e3e8ddbb8a2,San Jose Earthquakes 2009B MLS,San Jose Earthquakes,u17,100,61334d80-f082-4f01-bff8-69e52563057e,San Jose Earthquakes 2007 MLS,San Jose Earthquakes,u18,100,82df7683-2d72-4c04-9d1c-c8fc6d87b726,San Jose Earthquakes 2010B MLS,San Jose Earthquakes,u16,100,
Dallas Hornets North,dallas hornets north,1268,"U13, U14, U15, U16, U17",AD,78,3c7f21ba-ddf1-4423-af5c-311c8f30225d,Dallas Hornets MLS Next 2011B,Dallas Hornets,u15,82.35294117647058,d4c07ece-5fb5-47ed-a286-4cf3fcf0f0d8,Dallas Hornets 10B Navy - Boyles (prev alpha),Dallas Hornets,u16,82.35294117647058,b0c862ae-fcd4-4484-a64f-b2ea8810e335,Dallas Hornets 12B Green - THale (prev alpha),Dallas Hornets,u14,82.35294117647058,
Celtic Storm,celtic storm,1346,"U13, U14, U15, U16, U17",AD,78,6baef5a0-9082-495b-943a-36dcf26cf03c,Storm 12B Black,Centex Storm,u14,75.0,d00838e1-7b35-4e81-9e01-9594d5d3b611,Storm 13B Black,Centex Storm,u13,75.0,cadf04ab-723e-481c-9a2d-204c9be564f6,Storm 15B Black,Centex Storm,u11,75.0,
Dallas Hornets East,dallas hornets east,1269,"U13, U14, U15, U16, U17",AD,78,3c7f21ba-ddf1-4423-af5c-311c8f30225d,Dallas Hornets MLS Next 2011B,Dallas Hornets,u15,84.84848484848484,d4c07ece-5fb5-47ed-a286-4cf3fcf0f0d8,Dallas Hornets 10B Navy - Boyles (prev alpha),Dallas Hornets,u16,84.84848484848484,b0c862ae-fcd4-4484-a64f-b2ea8810e335,Dallas Hornets 12B Green - THale (prev alpha),Dallas Hornets,u14,84.84848484848484,
D.C. United,d.c. united,40,"U14, U15, U16, U17",HD,78,67b91339-1d95-452f-aaf1-7946d3cf3598,D.C. United MLS,D.C. United,u15,100,250719a0-c245-4cac-b409-138fec563beb,D.C. United 2009B MLS,D.C. United,u17,100,,,,,,
IDEA Toros Fútbol Academy,idea toros fútbol,963,"U15, U16, U17",HD,76,07ca442b-a8aa-4124-92ed-8a521b074d81,IDEA Toros FA BU17,IDEA Toros Fútbol Academy,u18,100,f243b140-4b6a-4eaa-b134-fdca8a6b634c,IDEA Toros U16,IDEA Toros Fútbol Academy,u17,100,7f6b8313-c7db-4dc2-b3d4-0748a55f37e9,IDEA Toros FA U15,IDEA Toros Fútbol Academy,u16,100,
Houston Dynamo FC,houston dynamo,44,"U14, U15, U16, U17",HD,75,dd1c4ae7-7434-43d9-8881-1bf3f21e6198,Houston Dynamo FC Academy,Houston Dynamo,u16,100,,,,,,,,,,,
The Football Academy,the football,1290,"U13, U14, U15, U16, U17","AD, HD",73,0f701fbe-9b04-4d83-a0d0-3b0a79707820,UFA Loganville 10B Bronze,United Football Academy,u16,81.4814814814815,2e946022-4aec-40ac-a18b-2c8fe9dd4797,FA 2012 PRIMERO CASTRO,Impact Football Academy,u14,74.07407407407408,b712aadb-9faa-48ef-a860-d720afb89cfe,IFA 2013 PRIMERO II,Impact Football Academy,u13,74.07407407407408,
FC Tucson Youth Soccer Club,tucson youth,580,"U13, U14, U15, U16, U17",AD,72,5af58633-c430-4b53-bd66-54d09b7e50a9,09 MLSN,FC Tucson Youth Soccer,u17,100,744f378f-1a6b-4a14-b46c-d190fadb07e7,08 ECNL,FC Tucson Youth Soccer,u18,100,00c83196-6974-444a-afa3-f3b1a2f2302c,08/09 Boys OV,FC Tucson Youth Soccer,u18,100,
Colorado Rapids,colorado rapids,49,"U13, U14, U15, U16, U17",HD,72,7ab9a14d-2d1d-439d-99f3-28e125688167,Colorado Rapids 2009B MLS,Colorado Rapids,u17,100,0ab3f3ad-988b-496c-a90d-b7c4a29dd7ae,Colorado Rapids 09B Black,Colorado Rapids,u17,100,b7248664-8bb7-4dd0-aec0-7f0c4f17782b,Colorado Rapids 2007 MLS,Colorado Rapids,u18,100,
Chicago Fire FC,chicago fire,31,"U13, U14, U15, U16, U17",HD,71,5276b18e-5d3d-42aa-9ad7-c819aeb21af4,Chicago Fire 2009B MLS,Chicago Fire,u17,100,c3d33059-5c47-4cba-9772-c785b6c15c28,Chicago Fire 2010B MLS,Chicago Fire,u16,100,d858182a-0ba0-4741-9161-33243b742663,Chicago Fire 2007 MLS,Chicago Fire FC,u18,100,
Ozark United FC Academy,ozark united fc,1323,"U13, U14, U15, U16, U17",AD,70,3e9b840b-9829-425c-b429-45602a514df7,Homer United 2012 Augustine,Homer United F.C.,u15,75.0,4f581dde-0b78-4a76-8450-4427034ff238,Homer United 2014 Tutka,Homer United F.C.,u13,75.0,d47a9f1e-7472-406c-a6b5-638ccb49e54e,B2011,Oxnard United SC,u15,71.42857142857143,
SA United SC,sa united,1322,"U13, U14, U15, U16, U17",AD,70,4619aed4-0535-488b-bb38-29f3ab4ee881,Del Valle United 09B,SA United Soccer Club,u17,100,e132ec22-f670-4d83-99d2-afac8bb7f6d3,SA United 2015 Boys Black,SA United Soccer Club,u11,100,9832414b-7e08-404b-8a15-adf5fd7389cd,SA United 12B MLS Next,SA United Soccer Club,u14,100,
Nomads,nomads,57,"U14, U15, U16, U17",HD,69,c4fa956e-482f-4d50-932f-1e16f69aec36,B2009 Central,Nomads,u17,100,9d44c8ce-4525-4bf4-a279-de3c81bcf482,B2009 North,Nomads,u17,100,e196e08b-a4a1-41a9-966a-3cc7ec91ed83,B2011 Central,Nomads,u15,100,
Capital City South,capital city south,1267,"U13, U14, U15, U16, U17",AD,69,39710fc9-9893-4488-a41c-1cc7b862c980,2012 Boys U13,Capital City Soccer Club,u14,80.0,e3466555-d59c-409d-ad39-284d0f142496,Capital City SC 14B Sky North (remove),Capital City SC,u13,80.0,d4c1690e-a973-42d7-b91d-d34141d28a42,Capital City SC U14 Next 2 North,Capital City SC,u14,80.0,
GFI Academy North,gfi academy north,941,"U13, U14, U15, U16, U17",AD,69,,,,,,,,,,,,,,,,
Real Colorado,real colorado,12,"U13, U14, U15, U16, U17",HD,69,e883c4d9-80a6-4999-95ef-3119554d5323,2007/2008B North National,Real Colorado,u18,100,8dcb7539-1166-4e85-933a-481c43193bdc,2007/2008 Boys Athletico,Real Colorado,u18,100,d4226897-4eba-40ba-9946-3fc9f2235c18,2009 Boys Red,Real Colorado,u17,100,
Monarchs AZ,monarchs az,1348,"U13, U14, U15, U16, U17",AD,68,f95b0105-882e-4a19-9f09-82b5959bb15e,Monarcas Chicago 16/17,Monarcas Futbol Club,u10,73.6842105263158,5ad18a73-4449-47ab-86c8-5e880def0e0d,MONARCHY FC 2012B,Monarchy FC,u14,73.6842105263158,af357a73-6c2c-4455-a8ed-a55821e3d339,MONARCHY FC 2014-2015B,Monarchy FC,u12,73.6842105263158,
Capital City North,capital city north,1266,"U13, U14, U15, U16, U17",AD,68,39710fc9-9893-4488-a41c-1cc7b862c980,2012 Boys U13,Capital City Soccer Club,u14,80.0,e3466555-d59c-409d-ad39-284d0f142496,Capital City SC 14B Sky North (remove),Capital City SC,u13,80.0,d4c1690e-a973-42d7-b91d-d34141d28a42,Capital City SC U14 Next 2 North,Capital City SC,u14,80.0,
St. Louis CITY SC,st. louis city,470,"U14, U15, U16, U17",HD,68,b5a5b8ee-d408-4115-b0f3-ef128d4adda2,St. Louis CITY SC 2010B MLS,St. Louis City SC,u15,100,55b97924-fc3f-41fa-b9fd-a93941305d71,St. Louis City SC 2009B MLS,St. Louis City SC,u17,100,,,,,,
Shattuck-St. Mary's,shattuck-st. mary's,81,"U15, U16, U17",HD,67,b7c10917-2274-4e10-9fdf-33e126fbcbaa,Shattuck-St. Mary's MLS Next 2010B,Shattuck-St. Mary's,u16,100,3a1448d3-e7af-4668-95d8-48ab323e403a,Shattuck-St. Mary's MLS Next 2008B,Shattuck-St. Mary's,u18,100,c4e22b26-846e-43ed-bb54-2e36a2b50fe2,Shattuck-St. Mary's MLS Next 2009B,Shattuck-St. Mary's,u17,100,
Charleston SC,charleston,1297,"U13, U14, U15, U16, U17",AD,66,dcafed2a-5b56-4f08-8a26-26279b29feb7,FCC 2014 Boys Gold - BA,FC Charleston,u12,100,f5ebe740-09d3-406e-90c7-c331e824cea2,FCC 2014 Boys Gold - JD,FC Charleston,u12,100,d6a4f310-a4c6-4591-9a76-f85c4732cf8c,FCC 2014 Boys Gold - CH,FC Charleston,u12,100,
Lowcountry United,lowcountry united,1299,"U13, U14, U15, U16, U17",AD,66,5342e0bb-f667-48e7-818e-fb96a55f475b,GCU 2010 Boys,Gold Country United,u16,83.33333333333334,a88a9b90-04de-40a8-aa9e-6ce6fc1df7e1,GCU 2011 Boys,Gold Country United,u15,83.33333333333334,9a36dda1-e91b-4fd2-af54-2be616faefe7,GCU 2015 Boys Blue,Gold Country United,u11,83.33333333333334,
Houston Futsal Club (HFA),houston futsal club (hfa),1321,"U13, U14, U15, U16, U17",AD,65,95ec0f1c-d2ca-45a4-b01d-2660a6cffc8d,Houston Futsal SC 14B TX2,,u12,72.0,4d64ff13-37be-43b3-bcb0-6dad353c6591,Houston Futsal SC 10B,Houston Futsal Soccer Club,u16,71.7948717948718,aac091e5-8bf0-4a97-afe4-0aac28fbbdfd,Houston Futsal SC 13B Black,Houston Futsal Soccer Club,u13,71.7948717948718,
Wasatch SC,wasatch,913,"U13, U14, U15, U16, U17",AD,65,0e66ebf0-c42a-40cb-b738-7a86b9512449,Wasatch 11B-NB,Wasatch SC,u15,100,12be46ad-b0d3-4aaf-806b-fc35a6559876,Wasatch SC 12B - CC,Wasatch SC,u13,100,0935dfad-5058-4c7f-804b-86fe7258fa17,Wasatch SC 08CD EA,Wasatch SC,u18,100,
Jacksonville Armada FC,jacksonville armada,386,"U16, U17",HD,64,04664ec5-fc80-4705-97bb-2e1b30ad6209,ARMADA FC 2009 MLS NEXT Homegrown Divsion,Jacksonville FC,u17,77.41935483870968,781039af-4f5a-4865-8fc9-3dea59553ed1,Armada FC 2010 MLS Next Homegrown Divsion,Jacksonville FC,u16,77.41935483870968,4c36b1cf-03d1-4823-a643-afa0333dd41b,JFC 10B REC ROWAN,Jacksonville FC,u16,77.41935483870968,
Sparta United Soccer Club,sparta united,1350,"U13, U14, U15, U16, U17",AD,64,34cc0f65-128e-4ade-a92b-b87b33abd8a4,B14 Sparta Pre MLSNext SB,Sparta United,u12,100,4b24565f-6027-4953-b20e-96e531d1fe31,Sparta B13 ND,Sparta United,u13,100,4d668112-0076-4a65-8cad-8e1c8d77d079,Sparta B09 Premier DM,Sparta United,u17,100,
Phoenix Premier FC,phoenix premier,1134,"U13, U14, U15, U16, U17",AD,64,24d7f31b-c0ed-4bc6-a58f-9259998cde92,Phoenix Premier FC 14B Pre MLS Next AD,Phoenix Premier FC,u12,100,758a3e46-d61e-4107-b5f6-a7f1aafdd285,Phoenix Premier FC 08B White,Phoenix Premier FC,u18,100,85c94cd3-1150-4038-9f7b-df124c3f05ba,Phoenix Premier FC 14B White,Phoenix Premier FC,u12,100,
956 United,956 united,1274,"U13, U14, U15, U16, U17",AD,64,7578578b-2ca6-4a81-aa28-cf0626553980,Gt18 B15,956 United,u11,100,c58b3bb8-f550-41b4-ac45-b894bb9d3942,The 956 United 07B Red MLS 2,956 United,u18,100,fb80172f-67f1-47eb-99ce-839450edd89c,The 956 United 12B Red MLS 2,956 United,u14,100,
GFI Academy South,gfi academy south,942,"U13, U14, U15, U16, U17",AD,64,cb74b96b-daaf-4ee3-b01d-c37ed306991a,Paris Saint-Germain Academy Houston 2013 West White,PSG Academy Houston,u13,72.22222222222221,6c558c22-9b46-40c7-a4f3-ede63e74e23d,Paris Saint-Germain Academy Houston 2015 East Blue,PSG Academy Houston,u11,72.22222222222221,11218828-b309-46fd-a4ed-602cff5d9920,Paris Saint-Germain Academy Houston 2015 West Blue II,PSG Academy Houston,u11,72.22222222222221,
ALBION SC Colorado,albion sc colorado,964,"U13, U14, U15, U16, U17","AD, HD",63,a2491b39-ef8b-48a2-a63f-a356879486a0,Albion EC B14 Premier,ALBION SC Colorado,u12,100,94d93845-53ec-4894-9d39-97664816b301,Albion EC B15 Premier,ALBION SC Colorado,u11,100,ed713028-ff4f-4ff4-b0b9-39390891641a,ALBION SC Boulder County B11 MLS NEXT Academy,ALBION SC Colorado,u15,100,
Charlotte Independence,charlotte independence,494,"U13, U14, U15, U16, U17",HD,62,72467d19-006c-4529-9906-16210908d448,Charlotte Independence South ECNL RL B12,Charlotte Independence SC,u13,100,17e7a72c-5197-429e-aca6-60695cebb433,08 CISC NM Blue,Charlotte Independence SC,u18,100,650e57ed-0dd3-48ca-af39-4c13e44ffb84,08 CISC GC Blue,Charlotte Independence SC,u18,100,
Virginia Revolution SC,virginia revolution,1294,"U13, U14, U15, U16, U17",AD,61,5ec502b1-f026-40a6-a551-e1ca4e3a5912,VRSC 08B Black Retire,Virginia Revolution SC,u18,100,2f2c849c-eb80-4430-af3e-c14fb43735f5,VRSC 11B MLS Next Academy,Virginia Revolution SC,u15,100,e6045cc4-5ab6-481e-9d06-b7825538016f,VRSC 09B Black,Virginia Revolution SC,u17,100,
Aspire FC,aspire,1326,"U13, U14, U15, U16, U17",AD,61,3584d402-fba5-4cd4-bde2-d3c1c5900dec,AFC TEXASNEXT 14 Boys Black,Aspire FC,u12,100,ce1c3beb-195a-4c16-a7f9-d0855f77c13e,AFC 13 Boys Sky,Aspire FC,u13,100,4e10eb60-0351-4eae-933c-3012241970d4,AFC 09B Black NLFC,Aspire FC,u17,100,
The St. James,the st. james,848,"U13, U14, U15, U16, U17",AD,60,5a36d65f-0e93-4cde-9731-64a5073f7033,MSC U15 Boys,The St. James Football Club,u16,100,e5fa1cc3-bfcc-49ca-af64-fbcc80f57890,MSC U12B Gold,The St. James Football Club,u12,100,ef8a2332-2ffb-487a-9f1f-581a8f3c3fd5,MSC Boys U17 Black,The St. James Football Club,u17,100,
FC Richmond,richmond,1292,"U13, U14, U15, U16, U17",AD,60,ebe7a576-b793-497e-be32-d26393caa6f8,FC Richmond 2013 Magic Classic Sky,FC Richmond,u13,100,7c328b80-53b5-4661-aead-e83656609534,FC Richmond 2013 Magic Elite Sky,FC Richmond,u13,100,4874c185-4e73-4e3a-a442-21e8c2572088,FC Richmond 2012 Magic Elite Sky,FC Richmond,u14,100,
Northern Virginia Alliance,northern virginia alliance,1407,"U13, U14, U15, U16, U17",HD,60,0fb2188b-b850-4800-8680-4cac1c785f52,NVA MLS Next 13,Northern Virginia Alliance,u13,100,a54226c7-a5de-4955-923e-e2d56e560bee,NVA MLS Next 09,Northern Virginia Alliance,u17,100,02935de0-1da8-4b16-afcf-2934dfca10f0,NVA MLS Next 12,Northern Virginia Alliance,u14,100,
Los Angeles SC,los angeles,858,"U15, U16, U17",HD,59,d71e05ea-4191-4b1c-87c6-9d5ffe6afb17,09B,Los Angeles SC,u17,100,da2ee42c-64f7-496b-9bcc-1cba6c82dd1e,08B EA2,Los Angeles SC,u18,100,e9404da4-1846-470d-ae60-e9a12ffb5642,09B EA,Los Angeles SC,u17,100,
Virginia Rush,virginia rush,1295,"U13, U14, U15, U16, U17",AD,59,b61204e3-9fae-4694-8e63-bd9ca4ae91b8,VA Reign FC - RL B2011,Virginia Reign,u15,74.07407407407408,89638a89-492f-42d9-9c80-1bbe64acddb6,VA Reign ECNL RL B 10,Virginia Reign,u16,74.07407407407408,a3654cd7-d388-44f1-971a-a2f30b16e404,VA Reign FC RL B10,Virginia Reign,u14,74.07407407407408,
CF Montreal,montreal,18,"U15, U16, U17",HD,58,55ab728e-19be-4f94-b4ed-52952c44c4b6,2010B Montrose Avalanche,Montrose SC,u16,75.0,6e8b2bda-cfde-4b63-b766-318360cc573e,2011B Montrose Avalanche,Montrose SC,u15,75.0,dd258bfe-39c0-4a6f-8888-4374ec700e97,2013B Montrose Avalanche Premier,Montrose SC,u13,75.0,
One Knoxville SC,one knoxville,597,"U13, U14, U15, U16, U17",AD,56,0a6f3914-2b96-4ee9-975d-187a699b29e3,One Knox 2013B Yellow 2,One Knoxville SC,u13,100,,,,,,,,,,,
McLean Youth Soccer,mclean youth,187,"U13, U14, U15, U16, U17",AD,56,35acb382-847b-44a5-8f52-907c3805ebad,Milan Storm 2010B Black,Milan Youth Soccer Club,u16,86.95652173913044,fb00f57d-56f8-4217-87bb-3017c617a8cd,Milan Storm 2014B Black,Milan Youth Soccer Club,u12,86.95652173913044,f2f2773b-7fab-472d-8016-99f57a0d5599,Milan Storm 2016B Black,Milan Youth Soccer Club,u10,86.95652173913044,
Loudoun Soccer Club,loudoun,1293,"U13, U14, U15, U16, U17",AD,56,5364dcfb-6256-4f61-980c-f9c6095f2cfa,2014 Boys Loudoun Bronze,Loudoun Soccer Club,u12,100,47b9471a-b80e-4c49-94bc-735ade168876,Loudoun Soccer 2015B White,Loudoun Soccer Club,u11,100,bfe62d89-fd89-49b7-a1e4-a246272b73af,2013 Boys Loudoun Gold,Loudoun Soccer Club,u13,100,
Sporting Kansas City,sporting kansas city,41,"U14, U15, U16, U17",HD,56,7372c14e-8594-4e4b-80a4-1d115eea63ee,Sporting KV 2013B Elite,Sporting Kansas City,u12,100,e6ecd081-28a5-4e3d-a71b-0c1620148e74,Sporting KV 2014 Elite,Sporting Kansas City,u11,100,e47e0d98-7fa1-4580-a625-83f644c26246,Sporting Kansas City U13,Sporting Kansas City,u14,100,
Kings Hammer Nashville,kings hammer nashville,1301,"U13, U14, U15, U16, U17",AD,55,11f5358b-8c65-4708-bcac-e9faa7710095,Kings Hammer New Albany,Kings Hammer New Albany,u15,71.11111111111111,3bcab4c7-511e-4a78-899e-60677a5dd146,KHA1 New Albany B11,Kings Hammer New Albany,u15,71.11111111111111,888045e9-5f72-4df3-91c1-5f560ccd54e3,KHA1 New Albany B09,Kings Hammer New Albany,u17,71.11111111111111,
ASG,asg,1300,"U13, U14, U15, U16, U17",AD,55,6d6f51ea-060e-45c5-839e-2da6bd2e4992,ASG FL 2014B Yellow,ASG,u12,100,ceb37fcc-d8e9-433b-8618-65e0d91cf4ee,ASG FL 2015B Red,ASG,u11,100,,,,,,
Sporting Oklahoma,sporting oklahoma,1324,"U13, U14, U15, U16, U17",AD,55,18690d38-81c6-4d1d-9cfa-d9e043c1c9ac,Sporting Oklahoma 08B,Sporting Oklahoma,u18,100,0801b062-dd78-4cbc-8ef7-c4cf880a4c70,Sporting Oklahoma 12B Blue,Sporting Oklahoma,u14,100,4c30ae09-b74f-4e31-b303-028c1744b1a7,Sporting Oklahoma 13B,Sporting Oklahoma,u13,100,
SGA,sga,1420,"U13, U14, U15, U16, U17",AD,54,220b162d-688c-49a8-88ba-3fedeac98e4c,SGA 2014B Champions,SGA,u12,100,eeacc671-aa8a-4758-9a17-ff3db72c13af,SGA 2014b Premier,SGA,u13,100,2315843a-ff3a-40e3-8a63-616def0f0492,_2016B Nationals,SGA,u10,100,
City SC - San Diego,city sc - san diego,392,"U13, U14, U15, U16, U17",AD,54,71b458ca-3dfb-4879-9f8d-878461461da3,B2009 EA,City SC - San Marcos,u17,76.92307692307692,278e22f8-9e5a-4c89-994c-a7e69be25f49,B2009 Academy - Villalobos,City SC - San Marcos,u17,76.92307692307692,33472dbe-c008-4576-b940-4aafcfb4f387,B2010 Academy - Flores,City SC - San Marcos,u16,76.92307692307692,
One FC,one,1304,"U13, U14, U15, U16, U17",AD,54,a40adf64-c0eb-46fe-9a71-b6d5ce279170,ONE FC B2009 BLUE,One FC,u17,100,fa49fa38-161b-49f5-a3f4-d5d7bc110373,ONE FC B2010 BLUE,One FC,u16,100,0b234d29-de05-4ab8-8ad4-c95fdddcc25a,ONE FC B2010 BLACK,One FC,u16,100,
Roswell Soccer Club,roswell,1302,"U13, U14, U15, U16, U17",AD,53,,,,,,,,,,,,,,,,
Louisiana TDP Elite,louisiana tdp elite,469,"U13, U14, U15, U16, U17",HD,52,1e918b8d-fe56-4f14-9cca-84f1e2562d2c,LA Elite 2013 MLS B,Louisiana TDP Elite,u13,100,1e82a1d1-7a93-4226-ad31-ded97859b51f,LA TDP ELITE NEXT 09B,Louisiana TDP Elite,u17,100,44332c84-d461-4259-b474-24d96807ceff,LA TDP ELITE NEXT 08B,Louisiana TDP Elite,u18,100,
Connecticut United FC,connecticut united,1142,"U14, U15, U16",HD,52,66cee41d-00b0-4e17-a97f-489d6b762a1f,AC Connecticut RL B10,AC Connecticut,u16,75.86206896551724,9327b6e0-b5b8-4117-a6c8-135300308442,CFC Arsenal 2011 Boys,Connecticut FC,u15,75.86206896551724,690e847d-30cd-443a-829b-7dea642c4571,CFC Arsenal 2010 Boys,Connecticut FC,u16,75.86206896551724,
ALBION SC Riverside,albion sc riverside,871,"U13, U14, U15, U16, U17",AD,51,5e88fa39-eda4-4261-a359-fe9a2e465b2b,ALBION SC Riverside B09 MLS AD,ALBION SC Riverside,u17,100,fcd39da9-5356-4a6a-81fd-9d2986fd03aa,ALBION SC Riverside B08 EA,ALBION SC Riverside,u18,100,2adb4db3-a94a-4b60-bb10-22f715aed0c9,ALBION SC Riverside B11 MLS AD,ALBION SC Riverside,u15,100,
Plantation FC Rush,plantation fc rush,1305,"U13, U14, U15, U16, U17",AD,51,b8fb236b-3d0a-4327-8cc0-e988da63236c,Eagles 2013 Blue B,Plantation F.C.,u13,78.78787878787878,a4e137c7-c375-492e-9a98-3e536aae4045,Eagles 2011 Blue B,Plantation F.C.,u15,78.78787878787878,904e9d43-6cbc-438a-b8fa-9f6888675a5b,FAL 2014 Academy,Plantation F.C.,u12,78.78787878787878,
Toronto FC,toronto,106,"U15, U16, U17",HD,51,d761da48-09ed-4cf9-8438-2c22e5c1ff5b,TORO 2013B Black,Toro Soccer Academy,u13,72.72727272727273,,,,,,,,,,,
Columbus Crew,columbus crew,58,"U15, U16, U17",HD,47,5e346c26-9d84-4508-9069-f8f4b40fa7e4,Columbus Crew 2009B MLS,Columbus Crew,u17,100,32bc1cbf-9046-42ba-a021-cf8ba027507d,Columbus Crew 2010B MLS,Columbus Crew,u15,100,,,,,,
Laguna United FC,laguna united,890,"U13, U14, U15, U16, U17",AD,46,2dddcbe8-4d69-4613-ac43-bb3eb1b6a8c2,Laguna United Football Club,Laguna United FC,u16,100,130438d3-2d41-42bb-8f16-3dbfd26623a3,LUFC B2010 EA,Laguna United FC,u16,100,3b70817f-5e55-4320-b511-d306bd555b89,LUFC B2015 Navy,Laguna United FC,u11,100,
NONA Soccer Academy,nona,585,"U13, U14, U15, U16, U17",AD,46,1d3e851e-e4ca-4c61-b5ac-ec476ce523ac,Nona FC 2011 Academy MLS Next,Nona Soccer Academy,u15,100,c1180d1a-77b8-46bc-b52d-f0566b9fd2ae,Nona FC 2011 Boys Black NAL,Nona Soccer Academy,u15,100,dc08de19-8666-4f4c-baec-3b1d68a42b26,Nona FC 2010 Academy MLS Next,Nona Soccer Academy,u16,100,
Louisiana Elite SP,louisiana elite sp,1419,"U13, U14, U15, U16, U17",AD,46,1e918b8d-fe56-4f14-9cca-84f1e2562d2c,LA Elite 2013 MLS B,Louisiana TDP Elite,u13,81.08108108108108,1e82a1d1-7a93-4226-ad31-ded97859b51f,LA TDP ELITE NEXT 09B,Louisiana TDP Elite,u17,81.08108108108108,44332c84-d461-4259-b474-24d96807ceff,LA TDP ELITE NEXT 08B,Louisiana TDP Elite,u18,81.08108108108108,
Minnesota United FC,minnesota united,191,"U15, U16, U17",HD,46,da49174c-a562-469b-a0d1-68a78da18292,Minnesota United FC MLS NEXT,Minnesota United FC,u16,100,a897071d-fc7d-4576-983f-e6fb6c4ab6c6,Minnesota United FC 2010B MLS,Minnesota United FC,u15,100,53bb193d-3095-41a1-bdba-3b8e7c81c6bb,Minnesota United FC 2007,Minnesota United FC,u18,100,
LA Surf Soccer Club,la surf,395,"U13, U14, U15, U16, U17",AD,45,cdc1784a-6200-4d93-bb9e-7865d80577e2,2009B MLS,LA Surf Soccer Club,u17,100,35ffedf1-0b03-40e0-8224-3262cdc07d0a,2011 MLS Next LA Surf,LA Surf Soccer Club,u15,100,7e31f7f7-fe97-4ad6-8ada-06b856c87604,B2008 MLS,LA Surf Soccer Club,u18,100,
Atletico FC,atletico,1096,"U13, U14, U15, U16, U17",AD,45,1829efbb-9951-47be-93f0-d94a1612efe9,FC ATLETICO 16B BLUE,FC ATLETICO,u10,100,2c5c7b3e-8f42-4d61-92f2-e5c6d2d839cc,FC ATLETICO 15B RED,FC ATLETICO,u11,100,328c89f7-8a3f-457e-835b-ae38d93a9f4a,FC ATLETICO 16B RED,FC ATLETICO,u10,100,
Galacticos Soccer Academy,galacticos,1303,"U13, U14, U15, U16, U17",AD,45,f46fa3ed-b009-4889-9a6d-8c7f2353fc8f,Galacticos Soccer Club-2010,Galacticos Soccer Club,u15,100,15279d3b-e712-4652-97b9-48886d781f1f,Galacticos Soccer Club-2012,Galacticos Soccer Club,u14,100,beb35adf-5ab3-4d0f-be0c-ffff754c041b,***GALACTICOS SOCCER ACADEMY 2012 MLS AD,Galacticos Soccer Academy,u14,100,
United Soccer Alliance,united soccer alliance,252,"U13, U14, U15, U16, U17",AD,45,0557f840-f6cd-4a93-871d-033b5c852af3,RSA B13 Clarence SAM,Rainier Soccer Alliance,u13,84.44444444444444,66444473-c994-4e97-b00e-9e4779e939cd,RSA Elite B10 Black,Rainier Soccer Alliance,u16,84.44444444444444,0e625a4b-c624-4a5a-a93c-a0e5e719a9b0,RSA Elite B11 Black,Rainier Soccer Alliance,u15,84.44444444444444,
Mt. Rainier Futbol Club,mt. rainier,894,"U13, U14, U15, U16, U17",AD,45,3079640d-40dd-4f76-bcec-6982000d293c,MRFC B11 Trap,Mt. Rainier Futbol Club,u15,100,562f61af-f7f6-496e-b6ab-ff609e2658e4,MRFC B09 Academy 2,Mt. Rainier Futbol Club,u17,100,ef5fd709-bb31-4f1f-a25e-051926196f94,MRFC B10 White,Mt. Rainier Futbol Club,u16,100,
Sozo FC,sozo,1337,"U13, U14, U15, U16, U17",AD,45,5b6deba7-9329-42ee-8599-ec66fe792c5f,09 Gold,Sozo FC,u17,100,197f6a07-20dd-4420-b42a-2994cf7f38c5,B2013 Sozo FC Royal,Sozo FC,u13,100,25931ac9-0b29-4a5f-9ece-f5aee9eec023,SOZO FC B12 ROYAL,Sozo FC,u13,100,
Washington East Surf SC,washington east surf,914,"U13, U14, U15, U16, U17",AD,45,210bbc98-435e-4877-ae8c-58228af437c2,09B MLS NEXT,Washington East Surf Soccer Club,u17,100,10c6286d-9aeb-4d39-af90-9e2c10571f3e,10B MLS NEXT,Washington East Surf Soccer Club,u16,100,2427dc7e-d265-43c4-bd3e-436afd54d839,B09 WHITE,Washington East Surf Soccer Club,u17,100,
Charlotte Independence Soccer Club,charlotte independence,494,"U13, U14, U15, U16, U17",AD,44,72467d19-006c-4529-9906-16210908d448,Charlotte Independence South ECNL RL B12,Charlotte Independence SC,u13,100,17e7a72c-5197-429e-aca6-60695cebb433,08 CISC NM Blue,Charlotte Independence SC,u18,100,650e57ed-0dd3-48ca-af39-4c13e44ffb84,08 CISC GC Blue,Charlotte Independence SC,u18,100,
Western Washington Surf SC,western washington surf,909,"U13, U14, U15, U16, U17",AD,44,239b90dd-c83b-46b4-9ec8-a049e754d66d,Western Iowa Surf U17 Black,Western Iowa Surf,u18,75.0,901191e9-87fe-47e6-ba8f-35e06af072ae,Western Iowa Surf 2012 Boys Blue,Western Iowa Surf,u14,75.0,531a1a8d-031b-4410-bca0-fb5f7dee0591,CWS B10 ECNL RL Gutierrez,Central Washington Sounders,u16,72.0,
Seattle Celtic,seattle celtic,902,"U13, U14, U15, U16, U17",AD,44,52621ac7-af2e-420f-b5fe-11d5850844f0,Seattle Celtic SC - B10 MLS Next,Seattle Celtic,u16,100,d125b21e-7f00-4c8c-aa78-037f61a892e3,Seattle Celtic B09 Green,Seattle Celtic,u17,100,1a0d7cff-e271-400f-9711-1bb8e2d211e2,Seattle Celtic B08 Green,Seattle Celtic,u18,100,
Javanon FC,javanon,400,"U13, U14, U15, U16, U17","AD, HD",41,47067519-d548-4462-a4ea-8cf46d1e0d04,Javanon 2009 MLS NEXT AD,Javanon FC,u17,100,8cefb0bb-61df-4dc7-bdfa-b2ae55e939c5,Javanon 2016 Boys Black,Javanon FC,u11,100,724dd082-baf9-48b9-9d3e-63dd1353d6f2,Javanon 2015 Boys Black,Javanon FC,u11,100,
Portland Timbers,portland timbers,4,"U16, U17",HD,40,2d618f30-a472-4567-9519-e974de4f7e03,Portland Timbers 2009 MLS,Portland Timbers,u17,100,,,,,,,,,,,
FC Golden State Force,golden state force,19,"U13, U14, U15, U16, U17",AD,40,11171e7c-702c-4261-b99a-28224a6a71a2,B2009 FORCE MLS,FC Golden State,u17,80.0,c68b9564-f5b0-4250-92f8-e1244a4f885f,B2008 BG,FC Golden State,u18,80.0,16e86a1b-c96a-4bcb-84ee-5728290d3319,B2009 MLS2,FC Golden State,u17,80.0,
Washington Rush,washington rush,258,"U13, U14, U15, U16, U17",AD,40,bf100501-ee28-4c32-8a08-02322faaef1d,Washington Rush Select B10 Rush ARCHIVE,Washington Rush,u16,100,b37fb20c-e2bb-4984-9b99-38b6fbdb53c4,B08 Nero,Washington Rush,u18,100,c223bba8-abf1-46cd-bd62-3d6a384e10c3,Washington Rush B09 Rush,Washington Rush,u17,100,
Valor Soccer,valor,1338,"U13, U14, U15, U16, U17",AD,40,8bac24a1-ccc0-4680-9bcf-c0e1a52a6aa9,Valor FC 12B,Valor FC,u14,100,e85101c6-fd44-4277-9ae4-0febcf984e18,Valor FC 11B,Valor FC,u15,100,0b53f70e-ad30-4943-a411-282c3535b360,Valor FC 15B,Valor FC,u11,100,
LA Youth,la youth,1351,"U13, U14, U15, U16, U17",AD,40,35acb382-847b-44a5-8f52-907c3805ebad,Milan Storm 2010B Black,Milan Youth Soccer Club,u16,84.21052631578947,fb00f57d-56f8-4217-87bb-3017c617a8cd,Milan Storm 2014B Black,Milan Youth Soccer Club,u12,84.21052631578947,f2f2773b-7fab-472d-8016-99f57a0d5599,Milan Storm 2016B Black,Milan Youth Soccer Club,u10,84.21052631578947,
Sound FC,sound,1336,"U13, U14, U15, U16, U17",AD,40,d55bd460-4da8-4dd2-a43b-5a757c0c5226,Sound FC B10B,Sound FC,u16,100,dd24c925-fffb-4db2-9f07-35a6d2877cfb,Sound FC B09A,Sound FC,u17,100,2f5d46d9-42c2-4ec0-a309-178c6491bc16,Sound FC - B11B,Sound FC,u15,100,
Whatcom Rangers,whatcom rangers,1341,"U13, U14, U15, U16, U17",AD,40,419666c7-b455-42ef-ad49-92dd194d9f3e,WFC Rangers B13 Blue,Whatcom FC Rangers,u13,90.9090909090909,1458d517-c03d-40bd-8db3-fab7044d7d3d,WFC Rangers Boys 13 White,Whatcom FC Rangers,u13,90.9090909090909,131139dd-8fee-48d8-80b2-7ec83d835c1a,WFC Rangers B16G,Whatcom FC Rangers,u10,90.9090909090909,
Seattle Sounders FC,seattle sounders,5,"U16, U17",HD,39,8cf3f524-8e5f-4340-b47b-73e6df1eb94f,Seattle Sounders FC 2007 MLS,Seattle Sounders FC,u18,100,1bcc4cef-6272-45f7-9657-b0b811a6c7fd,Seattle Sounders MLS NEXT,Seattle Sounders FC,u16,100,,,,,,
Chattanooga FC,chattanooga,1360,"U13, U14, U15",HD,38,6d1c4522-4078-46f7-9604-8912e702608e,2013B Copa,Chattanooga Football Club,u13,100,3d03fb96-1886-48c1-b05c-8baedc231cb7,CFC 2014B NAVY,Chattanooga Football Club,u12,100,364e9262-ddae-4540-a8f9-4e3c10e00596,Chattanooga FC 12B CSM Forge B,Chattanooga Football Club,u13,100,
Almaden FC,almaden,990,"U13, U14, U15, U16, U17",AD,37,c21b6535-74da-4e6d-9afd-92567ac2577b,Almaden FC Mercury 12B Gold,Almaden FC,u14,100,24194a73-5a17-4a01-947a-40ce25bb3a5a,Almaden FC Mercury B11 Green,Almaden FC,u15,100,725255b8-cae9-4adc-b284-31938a39176f,Almaden FC Mercury 12B Green,Almaden FC,u14,100,
Michigan Bucks Academy,michigan bucks,1309,"U13, U14, U15, U16, U17",AD,37,94af6fa3-78fa-4842-b935-0608d9e53634,MI Burn 12 Boys Black,Michigan Burn,u14,81.4814814814815,54245c41-e34d-4beb-ab88-b9c1c266b0c0,MI Burn 08 White,Michigan Burn,u18,81.4814814814815,35478e2a-19f9-4fb0-8442-da3a6a225898,MI Burn 16B Black,Michigan Burn,u10,81.4814814814815,
Sporting San Diego,sporting san diego,1352,"U13, U14, U15, U16, U17",AD,36,a7a95ff8-4576-4748-a065-c5c378db5f78,B2009 Black,Sporting San Diego,u17,100,2af0a32e-1bd5-49bf-8c31-f6216f6a65fe,B2009 MLS Next Academy,Sporting San Diego,u17,100,551e00e3-69ad-421f-a0f8-26b215739dbb,B2010 Green,Sporting San Diego,u16,100,
Real Salt Lake,real salt lake,107,"U16, U17",HD,36,d9a25f07-6af5-41cc-9f70-0cc31107e27d,Real Salt Lake 2007 MLS,Real Salt Lake,u18,100,7a8af160-902d-491a-9b92-dc1116450195,RSL Academy 2010,Real Salt Lake,u16,100,bc70815b-fd10-4d3b-8bf1-0099c138a6a1,Real Salt Lake 2009 MLS,Real Salt Lake,u16,100,
Burlingame Soccer Club,burlingame,132,"U13, U14, U15, U16, U17",AD,35,131aa47c-9d22-47e9-8d10-acbebe80ad22,Burlingame SC 2013B White,Burlingame Soccer Club,u13,100,19d190b3-4d62-46ec-ace7-06b828a7052f,Burlingame SC 2012B Navy,Burlingame Soccer Club,u14,100,97a1009e-55a7-4756-b03d-e271116dc256,Burlingame SC 2013B Green,Burlingame Soccer Club,u13,100,
San Francisco Glens,san francisco glens,409,"U13, U14, U15, U16, U17",AD,35,d8c5f91c-aa44-42a4-a80f-fb684d692af9,Academy 13B MLS Next I,San Francisco Glens Soccer Club,u12,100,c817b372-0dff-4a0b-9762-f19428a7617b,San Francisco Glens 09B MLS X2,San Francisco Glens,u17,100,a8aab1c5-78d4-4116-ae6a-821d6903dad1,San Francisco Glens 14B MLS X2,San Francisco Glens,u12,100,
Southern States Soccer Club,southern states,1037,"U14, U15",HD,34,ec80fb80-3dc0-455e-aa23-fc27e9df7b2b,Academy STARS 2008,Southern States Soccer,u18,100,023abff9-93e8-4494-88b7-63453fbf77f0,Academy STARS 2014,Southern States Soccer,u12,100,5cdb3ac1-4d80-4f64-b5ef-9c625918f1a0,Academy Pre-MLS 2014,Southern States Soccer,u12,100,
Downtown Las Vegas Soccer Club,downtown las vegas,882,"U13, U14, U15, U16, U17",AD,34,ef908884-54c7-48d1-b0d0-9d2ffeb4d3ff,2013 MLS Next AD,Downtown Las Vegas SC,u13,100,38595dbc-8e2c-4100-a304-3f41d8d75401,2015 Pre MLS Next AD,Downtown Las Vegas SC,u11,100,f28e6c81-e5d7-4aa9-8e64-c1598d8999ee,2015Gold,Downtown Las Vegas SC,u11,100,
Carolina Velocity FC,carolina velocity,1296,"U13, U14, U15, U16, U17",AD,33,bbb1e680-f342-4572-8338-ecfa1760d17f,09 CVFC Athletico,Carolina Velocity FC,u16,100,55495711-a6f1-4a89-bb9c-a5650a46bf16,08B CVFC Inter,Carolina Velocity FC,u17,100,300f126a-53a9-4039-ba1a-8b40186ed4ad,10 CVFC Leverkusen,Carolina Velocity FC,u16,100,
Diablo Valley Futbol Club,diablo valley,name:diablo-valley-futbol-club,"U13, U14, U15, U16, U17",AD,32,b0865a9c-3ce7-45fa-82ca-657d42fb900d,Diablo Valley FC 08B EA,Diablo Valley Futbol Club,u18,100,feef80c0-1a5c-433b-95a8-f8c3936dc148,Diablo Valley FC 09B NPL,Diablo Valley Futbol Club,u17,100,305aa76b-061d-435d-b43f-8b2634a72481,Diablo Valley FC 09B MLS x2,Diablo Valley Futbol Club,u17,100,
Minneapolis United SC,minneapolis united,1317,"U13, U14, U15, U16, U17",AD,32,bba91037-1570-436c-be2d-9266882ac718,2013 Boys MLS Next Academy,Minneapolis United,u13,100,124d44bb-31dd-49b0-8904-b67980a17493,2013 Boys Tango II,Minneapolis United,u13,100,2c2e2011-3fe7-4f53-a62d-e92b63160036,2013 Boys Copa,Minneapolis United,u13,100,
Tonka Fusion Elite,tonka fusion elite,1319,"U13, U14, U15, U16, U17",AD,32,0b42b323-6675-4977-adf7-3faeed2e757f,TFE 10 Boys EA,Tonka Fusion Elite,u16,100,6c29c4ee-4c60-434a-9f9b-1dc70fd48b70,TFE 12 Boys EA,Tonka Fusion Elite,u14,100,185adfee-b296-4a12-ba00-bb695e77a4ca,TFE 08 Boys EA,Tonka Fusion Elite,u18,100,
Vancouver Whitecaps FC,vancouver whitecaps,15,"U16, U17",HD,31,dfbed249-03d2-4ee2-9f43-a2e6b280a324,Gorge Soccer,Vancouver West SC,u12,78.78787878787878,c0b5582c-4954-4a42-8d2e-4fa77245891f,DASC Whitecaps,,u11,72.72727272727273,,,,,,
Lakeville SC,lakeville,1316,"U13, U14, U15, U16, U17",AD,31,2b0cb871-c6fa-4436-a1b2-9adb78d3fa95,2013 Boys Select 1,Lakeville Soccer Club,u13,100,6a5b632a-a03a-4195-a691-ce8fbd470e0c,2008 Boys Gold,Lakeville Soccer Club,u18,100,59ea3e3a-276f-480d-af65-7fec9c48454f,2009 Boys Red,Lakeville Soccer Club,u17,100,
Elmbrook United,elmbrook united,1315,"U13, U14, U15, U16, U17",AD,31,8793616e-02fa-4f6c-801e-89094d6dfe8c,EBU 2014B Premier 1,Elmbrook United,u12,100,1e754197-9300-45c4-a78a-9f69a8b9e0c9,EBU 14u Boys Premier 2 - 2011,Elmbrook United,u15,100,74471c96-0b2e-4d8c-88aa-3ea11c7e564f,EBU 13U Boys Premier 1,Elmbrook United,u14,100,
Los Angeles Bulls Soccer Club,los angeles bulls,581,"U13, U14, U15, U16, U17",AD,30,02d5132c-9840-4982-a70e-66f68ad42ca2,B2012 Red,Los Angeles Bulls Soccer Club,u14,100,a3021dc7-5e86-4eb2-998e-800daa368185,B2015,Los Angeles Bulls Soccer Club,u11,100,ba38ea5c-86e4-43d4-a0ba-0a189a8170e2,LA Bulls B2010 black MLS NEXT,Los Angeles Bulls Soccer Club,u16,100,
Elk Grove Soccer,elk grove,158,"U13, U14, U15, U16, U17",AD,30,b102de60-a973-4493-afaf-8650e4af8d29,2008 MLS Next,Elk Grove Soccer,u18,100,f1ee236b-3c7d-4c9f-a8b1-731c1dc0e00a,2008B Elite,Elk Grove Soccer,u18,100,827189ee-c79b-4dff-8731-fbfcead730ad,2008B Platinum 1,Elk Grove Soccer,u18,100,
Oaks FC,oaks,925,"U13, U14, U15, U16, U17",AD,29,a6eb9f42-69ad-467b-82b1-bf08735f89a8,B10 Red,Oaks FC,u16,100,a2b1367f-8f83-4719-b312-55e1b30fe9b0,B12 Blue,Oaks FC,u14,100,fb97e266-cc20-4003-b833-44b8f31396ab,B11 Red (archived),Oaks FC,u15,100,
Manitou F.C.,manitou f.c.,933,"U13, U14, U15, U16, U17",AD,29,83f4c823-9e5a-47f6-832d-807511481759,2008 Boys Orange 2,Manitou FC,u18,73.6842105263158,4f74e609-f758-44fc-8fdf-0ffe054c9d78,2014 Orange,Manitou FC,u12,73.6842105263158,5d6940de-7ce0-41e3-862a-7bdddf8f4aa2,Manitou FC 2012 Boys Black,Manitou FC,u14,73.6842105263158,
Wisconsin United FC,wisconsin united,1320,"U13, U14, U15, U16, U17",AD,28,2e32ef16-a22a-42d6-b8db-44eb6bb9d6cb,WIUFC 2009 Boys Elite Blue,Wisconsin United FC,u17,100,36bab7fc-c87f-4274-b098-4e5d3071716a,WIUFC 2008 Boys Premier,Wisconsin United FC,u18,100,b8c04878-1547-4eb1-b089-c419d0a12f63,WIUFC 2008 Boys Elite,Wisconsin United FC,u18,100,
Forward Madison FC,forward madison,1024,"U13, U14, U15, U16, U17",AD,28,,,,,,,,,,,,,,,,
Saint Paul Blackhawks,saint paul blackhawks,1318,"U13, U14, U15, U16, U17",AD,28,0a26aa16-bd54-4214-9022-bfba50fce8e8,08 Boys Grey.,St. Paul Blackhawks,u18,90.0,94b6f893-0d54-4223-ad20-87009dce57e7,10 Boys Gold,St. Paul Blackhawks,u16,90.0,330310a6-9e65-434a-b73d-c39f7f3c22c6,10 Boys White,St. Paul Blackhawks,u16,90.0,
Huntsville City FC,huntsville city,1406,"U13, U14",HD,28,99856ef8-4e81-4332-a24c-6a9fd1f3fe0d,HCU 13B,Huntsville Eclipse,u13,78.78787878787878,c3cba76d-bd5c-4b60-865f-7c97e75ba3c6,Huntsville Eclipse 08B McMillan,Huntsville Eclipse,u18,78.78787878787878,8fa84953-09e2-4446-979c-3cae5bf191d7,Huntsville Eclipse 15B Atnip,Huntsville Eclipse,u11,78.78787878787878,
Michigan Jaguars United FC,michigan jaguars united,1311,"U13, U14, U15, U16",AD,26,1eb7c12e-62e4-4264-a16a-0f15b65d5518,Michigan Jaguars 2012 MLS Next,Michigan Jaguars,u14,82.05128205128204,6e6a24c3-f29e-4f88-a0bd-0a76f10dc1f2,Michigan Jaguars 2010 MLS Next,Michigan Jaguars,u16,82.05128205128204,5be3870e-efc4-4099-aac8-39f66a5df0cd,Michigan Jaguars 2009 Boys NAL,Michigan Jaguars,u17,82.05128205128204,
Michigan Tigers FC,michigan tigers,1313,"U13, U14, U15, U16",AD,26,d6784500-8e2a-437e-a40f-789ce08997ec,Michigan Tigers 2009 Boys Blue,Michigan Tigers FC,u17,100,904e458c-43c6-419b-ba78-f594a7510d79,Michigan Tigers 2010 Boys White,Michigan Tigers FC,u16,100,b2764bc9-4138-4704-bd13-aa0de39d8f4a,Michigan Tigers 2011 Boys Blue,Michigan Tigers FC,u15,100,
Chicago Fire Youth SC,chicago fire youth,1306,"U13, U14, U15, U16",AD,24,5276b18e-5d3d-42aa-9ad7-c819aeb21af4,Chicago Fire 2009B MLS,Chicago Fire,u17,80.0,c3d33059-5c47-4cba-9772-c785b6c15c28,Chicago Fire 2010B MLS,Chicago Fire,u16,80.0,d858182a-0ba0-4741-9161-33243b742663,Chicago Fire 2007 MLS,Chicago Fire FC,u18,80.0,
Michigan Stars Elite,michigan stars elite,1312,"U13, U14",AD,24,75b0cf2c-cc9f-4413-9189-be91670eea20,MI Stars 11 MLS Next AD,Michigan Stars Elite SC,u15,100,9a4978eb-01a0-45eb-a8ca-143194f1506b,MI Stars 08/07 MLS Next AD,Michigan Stars Elite SC,u18,100,ac7ef383-518c-4b4c-87ae-ba73b105043d,MI Stars 09 NAL,Michigan Stars Elite SC,u17,100,
Atlantic United,atlantic united,1286,"U13, U14",AD,24,d9d839aa-7815-4e05-b86b-077966933e60,Atlantic United Premier Hawks Red 2014 B,Atlantic United Soccer Club,u12,100,4ece0fba-1bcf-41b2-9c89-bd9593e59a05,Atlantic United Premier 2013/14 B Red,Atlantic United Soccer Club,u13,100,c2bff2a1-e17e-43d5-b1b4-ea709aa139af,Atlantic United Premier Strikers 2010/11 B,Atlantic United Soccer Club,u16,100,
Players SC,players,1349,"U13, U14, U15, U16, U17",AD,24,b6312986-58eb-484e-ae2a-85227d68c640,Players 10 Boys Elite,Players SC,u16,100,b22a3e83-d56a-4a3d-8a44-b26fce0e0168,Players 10 Boys Academy,Players SC,u16,100,6b57e724-cd15-40b8-ba35-095322163bfd,Players 09 Boys MLS Next AD,Players SC,u17,100,
FC Harlem,harlem,791,"U13, U14",AD,23,244170fd-34c2-4f82-ba4b-f53399c7013f,FC HARLEM LIONS,FC Harlem,u14,100,,,,,,,,,,,
Cedar Stars Academy Newark,cedar stars academy newark,1283,"U13, U14",AD,23,58c85541-d92a-4335-8e11-3571b9448167,10B Elite 64,Cedar Stars Academy North,u16,86.27450980392157,ac7e9112-2136-4ad0-b786-beedaa63189b,08B Elite 64,Cedar Stars Academy North,u18,86.27450980392157,eb114640-f9bf-43e8-b51b-841ffd6d1539,09B Elite 64,Cedar Stars Academy North,u17,86.27450980392157,
Long Island Slammers,long island slammers,1285,"U13, U14",AD,23,2f4a1f6a-40f9-41d7-b27e-db349890075d,LIPFC Boys 09,Long Island Premier FC,u17,76.92307692307692,8be7d4c3-33ee-4920-acb5-321aedf52d36,LIPFC Boys 08,Long Island Premier FC,u18,76.92307692307692,50460d79-eeb6-4267-b14a-67d2b799fd36,LIPFC Boys 12,Long Island Premier FC,u14,76.92307692307692,
Coppermine SC,coppermine,1287,"U13, U14, U15, U16, U17",AD,23,f8850fdb-72f3-4820-806e-d24e5e0a63da,Coppermine SC 2010 Boys MLS Next AD,Coppermine Soccer Club,u16,100,30b7bac3-de02-4f48-a268-a0ad1f8b3360,Coppermine SC 2015 Boys Pre-Academy I North,Coppermine Soccer Club,u11,100,84e02f79-7fd9-4fc8-b4a2-43b2967176b1,Coppermine SC 2009 Boys NAL,Coppermine Soccer Club,u17,100,
Fox Soccer Academy Carolinas,fox soccer academy carolinas,1298,"U13, U14, U15, U16, U17",AD,22,b762b15b-e857-47a6-825b-5db4ecc3643d,Fox Soccer Academy 2008 B White,Fox Soccer Academy of the Carolinas,u18,88.88888888888889,b3f1ad50-0abc-4158-9b03-0bceac0a7dce,Fox Soccer Academy 2009 B White,Fox Soccer Academy of the Carolinas,u17,88.88888888888889,4fee93f6-7944-4779-a096-dccd4502e778,Fox Soccer Academy 2010 B White,Fox Soccer Academy of the Carolinas,u16,88.88888888888889,
Galaxy Soccer Club,galaxy,1250,"U13, U14, U15, U16",AD,22,77cb2597-2c17-4751-ae11-3038d52e8424,2013 Blue,Galaxy SC,u13,100,f662d454-74e5-44f3-bc3a-6072bd69d463,2011 Fall,Galaxy SC,u15,100,7e7ba40f-248f-4e74-8886-8f6a59dd04be,2012B West Blue,Galaxy SC,u14,100,
Colorado Rapids Youth Soccer Club,colorado rapids youth,1075,"U13, U14",HD,22,c039f77b-9998-431d-937c-db95c02cd34d,14B Pre-Elite II,Colorado Rapids Youth Soccer Club,u12,100,083244cf-0cb8-4b5c-b03c-6602596ff9bf,14B Pre-Elite III,Colorado Rapids Youth Soccer Club,u12,100,000439df-5028-4468-874c-899832bc6c9f,15B Pre-Elite I,Colorado Rapids Youth Soccer Club,u11,100,
Kings Hammer Cincinnati,kings hammer cincinnati,1308,"U13, U14, U15, U16, U17",AD,21,6678da01-f44c-4553-9a2a-07e084e91583,Inner Cincinnati U16,Inner Cincinnati SA,u16,76.92307692307692,501d9307-936b-4aab-91db-ab9782cd4ae3,Inner Cincinnati U11,Inner Cincinnati SA,u11,76.92307692307692,60c0673a-ef65-4f06-b5d7-274f2d2f88ea,Inner Cincinnati U19,Inner Cincinnati SA,u18,76.92307692307692,
FC Hudson Valley,hudson valley,1284,"U13, U14",AD,21,d232bc45-e450-4421-8195-cf9c76f3ef68,2024-25 HVA BU10,Hudson Valley Academy,u11,100,5727cb52-fefa-48f2-bf1f-c5841abf24e4,HVAC U15 Blue,Hudson Valley Athletic Club,u15,100,fca016e9-df69-4384-aa13-9d5d6eeefcb3,HVAC U13 Blue,Hudson Valley Athletic Club,u13,100,
St. Louis Development Academy,st. louis development,1330,"U13, U14",AD,20,13365e87-366f-452a-8d27-7f60f809a852,STLDA 2009B Elite,St. Louis Development Academy,u17,100,f2364ee1-9834-4ff3-a916-ba12d11a6f08,STLDA 2014B Elite Navy,St. Louis Development Academy,u12,100,1157c48b-7e45-45e4-a36b-3be044334af8,STLDA 2013B Classic,St. Louis Development Academy,u13,100,
New York Rush,new york rush,1280,"U13, U14",AD,20,59e47a66-7978-43a6-a0a0-871e0d94d01e,New York Red Bulls 2010B MLS,New York Red Bulls,u15,77.41935483870968,a92856fd-bda3-428e-9784-6d19752a3ff3,New York Red Bulls - Metro,New York Red Bulls,u13,77.41935483870968,47c68376-6d1c-4bb4-a669-cffc1cfe39fb,New York Red Bulls - Stars,New York Red Bulls,u13,77.41935483870968,
New York Elite Alleycats FC,new york elite alleycats,1279,"U13, U14",AD,20,3fd73cb7-6500-46d5-af23-1baf5334409f,New York Elite Alleycats FC 2010 NPL,New York Elite Alleycats,u16,100,49401bde-893d-48b1-8b2c-834dd8727442,New York Elite Alleycats FC 2014 NEAL Blue,New York Elite Alleycats,u12,100,cf56d946-e8bf-47b7-b08a-3651bb662739,New York Elite Alleycats FC 2008/07 MLS NEXT AD,New York Elite Alleycats,u18,100,
St. Louis Scott Gallagher Illinois,st. louis scott gallagher illinois,1314,"U13, U14",AD,19,5148c936-80f0-4614-b88a-602ee6f07827,SLSG IL B 2012 Inter Black,St. Louis Scott Gallagher,u14,84.7457627118644,d02bef19-a995-400f-a500-6b4a67c859b1,SLSG IL B 2015 Academy Red,St. Louis Scott Gallagher,u11,84.7457627118644,1ca27dab-ae60-4ff3-ba28-c220f7250072,SLSG MO B 2014 Premier Silver,St. Louis Scott Gallagher,u12,84.7457627118644,
Rhode Island Surf SC,rhode island surf,1281,"U13, U14",AD,19,64be3dfa-331c-478c-9f77-99726b036417,Rhode Island Surf B2011 Elite,Rhode Island Surf,u15,100,77fb1ef7-8173-4a64-a476-a10dd3b1b4ba,Rhode Island Surf 2010 MLS NEXT AD,Rhode Island Surf,u16,100,b7b8009f-3060-44a0-8893-6a219d674a78,Rhode Island Surf B2011 Premier,Rhode Island Surf,u15,100,
Sporting City,sporting city,1328,"U13, U14",AD,19,f8d04217-5655-4825-9aef-6f7116472039,Sporting City West - Blue 2012B,Sporting City Soccer Club,u14,100,dfa956b1-96e4-4e03-b838-2757b01a5e2a,Sporting City West Blue 2013B,Sporting City Soccer Club,u13,100,99c00abb-4a83-4fd1-9c65-13f3f317c710,Sporting City West - Indigo 2013B,Sporting City Soccer Club,u13,100,
Sting Nebraska,sting nebraska,1331,"U13, U14, U15, U16, U17",AD,19,ee9324f6-2cf0-474c-9f60-f1a89489260b,Sting NE B13 Homan 24,Sting Nebraska,u13,100,edd95252-c63c-43b3-af30-5ca6cf6e8445,Sting NE B12 Hodapp,Sting Nebraska,u14,100,7b53df4d-f48e-48f0-838e-1cb99c2fe936,Sting NE B15 Waldoch 24 ARCHIVE,Sting Nebraska,u11,100,
Broomfield Soccer Club,broomfield,1342,"U13, U14, U15, U16, U17",AD,19,e725eadf-db75-4ba8-8fad-81a3b9fbda58,Broomfield SC 2015B Extreme,Broomfield Soccer Club,u11,100,5551c678-4bb5-45dd-8086-284dce3ec521,Broomfield 2013B Prestige,Broomfield Soccer Club,u13,100,dfb82d52-ae40-47e9-a07b-9171f002cd09,Broomfield SC 2010 Boys Academy NPL,Broomfield Soccer Club,u16,100,
Skyline Soccer Association,skyline soccer association,1345,"U13, U14, U15, U16, U17",AD,19,0c2e3a78-dbc2-45b1-85dd-77d9e4ac8e55,Goal King Academy - Rye Soccer 2013,Rye Soccer Association,u13,87.5,24d3f324-5fb2-43ac-a690-d95fcb1eeacc,Goal King Academy - Rye Soccer 2015,Rye Soccer Association,u11,87.5,4bd55da9-c5af-439e-9409-54103de37017,Goal King Academy - Rye Soccer 2014,Rye Soccer Association,u12,87.5,
Grand Junction Soccer Club,grand junction,1344,"U13, U14, U15, U16, U17",AD,19,91957df2-f583-41d9-9f29-2efada6f52d2,Fire FC Premier 2011 Boys,Grand Junction SC,u15,100,5735f16e-a5a2-477f-ba03-d879116a9d3e,Grand Junction SC - Raptors,Grand Junction SC,u13,100,a8defee3-a547-49d3-a3da-b09b9c142614,Grand Junction SC - Level Up Academy Boys Blue,Grand Junction SC,u12,100,
ALBION SC Denver,albion sc denver,1077,"U13, U14, U15, U16, U17",AD,19,5b1abbaf-9950-42f8-b61a-32060da81a0f,Albion Denver 08b,ALBION SC Denver,u18,100,50636ab8-a30d-48b4-80fb-ad5792113c77,Albion Premier,ALBION SC Denver,u13,100,abc2a0d1-ca1b-4317-971e-d9b9d0257560,Albion SC Denver 2014B Academy I,ALBION SC Denver,u12,100,
Sporting Springfield,sporting springfield,1329,"U13, U14",AD,18,c85c5ffb-e38f-4419-b8e2-a14f16a404d3,2015 Irish,Sporting Springfield,u11,100,20c2dcaf-b0b4-4bfc-9ff5-aa7c7ecad9f9,Sporting Springfield 10 Feyenoord,Sporting Springfield,u16,100,f37c23eb-9a4c-4cf7-9ca1-43dad9f185a8,Sporting Springfield ECNL B11,Sporting Springfield,u13,100,
Sporting Blue Valley,sporting blue valley,241,"U13, U14",AD,18,fbcdc35c-186d-419c-bc46-fc3b647dac03,BV Tiger Sharks FC,Sporting Blue Valley,u12,100,31a19655-ef11-463f-a485-c08317d91c4a,SBV Boomers FC,Sporting Blue Valley,u14,100,4880a6aa-bb49-4562-9abf-7fa4bbd834fe,SCW Blue 2014,Sporting Blue Valley,u12,100,
Ginga FC,ginga,1276,"U13, U14",AD,18,186edd73-30c0-4a58-97dc-e40fc07cf027,Ginga FC Boys 2014 Elite (former),Ginga FC,u12,100,a7f0107f-84e3-4584-86a9-05eacb08d9cd,Ginga FC Boys 2011 EDP National League,Ginga FC,u15,100,8afc89da-d060-4100-a86b-213f028b5932,Ginga FC Boys 2011 MLS NEXT Academy Division,Ginga FC,u15,100,
Lou Fusz Athletic 2,lou fusz athletic 2,1270,"U13, U14",AD,18,c118b775-7f5c-42d4-bb73-a74615dd95a7,LFA Blue Star Major 2015B,Lou Fusz Athletic,u11,94.44444444444444,8666c427-ed70-484b-b5a2-fdcb2515cc1d,LFA Blue Star Premier 2015B,Lou Fusz Athletic,u11,94.44444444444444,732c5891-3c6b-40b5-ad40-b0e82cd65c97,LFA Blue Star Major 2016B,Lou Fusz Athletic,u10,94.44444444444444,
New England Surf SC,new england surf,1278,"U13, U14",AD,18,5c937624-707e-4a96-9db9-4c91cea51700,Charlestown Surf B2013 Navy,New England Surf,u13,100,e6f1bbf2-db38-49d7-9230-a6f57843d05a,Charlestown Surf B2015 Navy,New England Surf,u11,100,6bd68c6c-5be2-4ee7-a436-9d8e43644d12,Charlestown Surf B2015 Sky,New England Surf,u11,100,
NEFC South,nefc south,1277,"U13, U14",AD,18,b5b08246-514a-4290-9055-785ea3a64c48,(12U) 13 NCFC Warriors,NCFC Youth,u13,80.0,48d093fb-b261-4012-b611-c29223e6b9b7,08 (U18) NCFCY Gold HSFV,NCFC Youth,u18,80.0,9ab13459-344b-4274-9e1a-0e4bb1138f8c,08 (17U) NCFCY United (NC) (SR),NCFC Youth,u18,80.0,
Seacoast United Mass,seacoast united mass,1265,"U13, U14",AD,18,6b0f36ff-8676-437a-836a-69bd3d4a9752,2008/07B NAL,Seacoast United Maine SC,u18,87.8048780487805,faac0a46-0a6a-43f4-a3b6-52f6438af5d4,2009B NAL,Seacoast United Maine SC,u17,87.8048780487805,ea31cbcb-d48e-4993-b116-7091a2201fc6,2009B Premier Blue,Seacoast United Maine SC,u17,87.8048780487805,
PDA Hibernian,pda hibernian,1289,"U13, U14",AD,18,cc1cdd8a-3ee0-4f0d-97ea-9b72174c4ce8,Hibernian Heat,Hibernian AA,u10,72.0,,,,,,,,,,,
Seacoast United Bedford,seacoast united bedford,1264,"U13, U14",AD,18,ad56464b-91c6-40c2-b063-52debde3ac58,Seacoast United Bedford 2016 Boys White,Seacoast of Bedford,u10,80.95238095238095,d738f67d-64bb-4b75-9db7-649ea74637f8,Seacoast United Bedford 2010 Premier Boys,Seacoast of Bedford,u16,80.95238095238095,3e46bf67-c344-4b0b-b5ba-6361b5d598a5,Seacoast United Bedford High School,Seacoast of Bedford,u18,80.95238095238095,
Syracuse Development Academy,syracuse development,1282,"U13, U14",AD,18,93d0d3da-dcfd-4fb2-9c2c-e39f87d9f302,Hibernian Elite 64 08B,Players Development Academy,u18,76.92307692307692,2bdd4489-35f1-4757-a0eb-026192d61991,Hibernian Danubia 2008,Players Development Academy,u18,76.92307692307692,357c48e2-eacc-405b-9bda-1c93fa32c91e,Hibernian Matthaus 2007/08,Players Development Academy,u18,76.92307692307692,
Connecticut Rush,connecticut rush,1275,"U13, U14",AD,18,66cee41d-00b0-4e17-a97f-489d6b762a1f,AC Connecticut RL B10,AC Connecticut,u16,81.4814814814815,9327b6e0-b5b8-4117-a6c8-135300308442,CFC Arsenal 2011 Boys,Connecticut FC,u15,81.4814814814815,690e847d-30cd-443a-829b-7dea642c4571,CFC Arsenal 2010 Boys,Connecticut FC,u16,81.4814814814815,
Trenton City Soccer Club,trenton city,1291,"U13, U14, U15, U16, U17",AD,18,e39d1496-9fd9-432d-b844-e0daf38bfd39,CCFC 2012 Boys,Charleston City FC,u13,74.07407407407408,798d5a67-7c5c-42bc-bd78-9efe7c49b636,CCFC U14 2011 Boys,Charleston City FC,u14,74.07407407407408,79495a90-fed1-434d-91e7-7a9dfd405d94,Charleston City CCFC U11 2014 Boys,Charleston City FC,u11,74.07407407407408,
IFA West,ifa west,1263,"U13, U14",AD,17,fabe1c9d-1c2d-4479-a34c-c14ac82221a0,Florida West FC ECNL B09,Florida West FC,u17,70.0,b45acf8b-1130-4ca7-a7b7-e9e9d902e298,Florida West FC ECNL B13,Florida West FC,u13,70.0,95ed4c1e-ea19-4fb3-8be1-b13007afb945,Florida West FC ECNL B11,Florida West FC,u15,70.0,
Sporting Wichita,sporting wichita,961,"U13, U14, U15, U16, U17",AD,17,57039e2d-7a00-41a6-86e5-48a47ab48731,SPORTING WICHITA 2010 ECNL-RL ACADEMY,Sporting Wichita,u16,100,786d8c7d-faac-43fa-9ef0-605c2e2da1d8,SPORTING WICHITA 2010B PRE-ACADEMY,Sporting Wichita,u17,100,af042805-b39d-495f-ad5e-c478a999d8b8,SPORTING WICHITA 2009 ECNL-RL ACADEMY,Sporting Wichita,u17,100,
St. Louis Scott Gallagher St. Charles (Missouri),st. louis scott gallagher st. charles (missouri),1271,"U13, U14",AD,16,,,,,,,,,,,,,,,,
Club Ohio,club ohio,1307,"U13, U14, U15, U16, U17",AD,16,967ffcf3-0265-4042-b0ae-2fa3481f7751,Club Ohio North 13B OSSL CvC,Club Ohio,u13,100,96032d26-b9be-4ec8-a3fe-86a1d7e5520e,Club Ohio East 13B White,Club Ohio,u13,100,7f61b75b-e134-430c-b6a2-a52655818d23,Club Ohio East 15B Academy III,Club Ohio,u11,100,
Lexington SC,lexington,562,"U13, U14, U15, U16, U17",AD,16,180736d0-4a39-4238-aea9-aee4bb068088,Lexington SA 12 Red,Lexington SA,u14,100,18de288e-7a1e-4247-941e-898db31a41ae,Lexington SA 13 Black,Lexington SA,u13,100,f92bfc04-4f0e-42c8-b3dc-97d444596083,Lexington SA 13 Grey,Lexington SA,u13,100,
PA Classics Harrisburg,pa classics harrisburg,1288,"U13, U14",AD,16,75f87dce-71c0-4ce0-90ce-5c888c28c0bb,PA Classics Hbg 2014 Boys U12 Elite Green,PA Classics Harrisburg (LDSA),u12,86.27450980392157,31164612-8c9b-4648-9460-ce238e761d63,PA Classics Hbg 2009 Boys U17 MLS Next 2,PA Classics Harrisburg (LDSA),u17,86.27450980392157,d65755df-0982-430b-9fde-d4f33a9f7b59,PA Classics Hbg 2011 Boys U15 MLS Next 2,PA Classics Harrisburg (LDSA),u15,86.27450980392157,
Colorado United SC,colorado united,879,"U13, U14, U15, U16, U17",AD,15,8502d01c-879d-4b0e-a258-1ca2a3489111,2009B Platinum,Colorado United,u17,100,22fc6615-8338-4432-b940-e12ce162c922,2010B Red,Colorado United,u16,100,b7dc2e0b-5e17-4c70-9e1f-1e2de3a9e019,2010B Premier,Colorado United,u16,100,
San Diego FC,san diego,1421,U13,HD,13,f0564fc6-9f9c-496d-ba1a-df97a1499bf9,B2007/06 San Diego Surf ECNL,San Diego Surf Soccer Club,u17,78.26086956521739,63537b16-b6b1-4f7a-a384-4b7ece7b7066,Central B2013 Academy,San Diego Surf Soccer Club,u13,78.26086956521739,c67833ce-cb74-404c-887f-555e427a4974,San Diego Surf Boys 08 ECNL,San Diego Surf Soccer Club,u18,78.26086956521739,
New Mexico Soccer Academy,new mexico,1076,"U13, U14",AD,12,636652f2-a359-4096-9290-a5cc9b37db5f,NMSA 12 Boys Black,New Mexico Soccer Academy,u14,100,b0fc9690-7380-44fd-9f52-a056b2e7d988,NMSA 11 EA Boys,New Mexico Soccer Academy,u15,100,9b957968-c1a1-43a3-8cff-42fb8f369ad6,NMSA 13 Force,New Mexico Soccer Academy,u13,100,
Classic FC,classic,1343,"U13, U14",AD,12,7a0a0a77-e1b4-45c2-ae31-a3d6d5ef17da,Classic FC Soles Black,Classic FC,u12,100,eae3aea9-a4b1-463b-9c4c-67399ba94d9f,Classic FC Outlaws,Classic FC,u12,100,52bc1509-188f-4d21-a319-a69de16b9e88,Classic FC Ambush,Classic FC,u15,100,
Southern States Soccer,southern states,1037,"U13, U16",AD,4,ec80fb80-3dc0-455e-aa23-fc27e9df7b2b,Academy STARS 2008,Southern States Soccer,u18,100,023abff9-93e8-4494-88b7-63453fbf77f0,Academy STARS 2014,Southern States Soccer,u12,100,5cdb3ac1-4d80-4f64-b5ef-9c625918f1a0,Academy Pre-MLS 2014,Southern States Soccer,u12,100,
